,날짜,언론사,기사제목,링크
0,,,,
0, 2021.10.27 17:58,매일경제,CB 6000억 주식전환에…HMM 8% 급락,https://finance.naver.com/item/news_read.naver?article_id=0004870641&office_id=009&code=011200&page=1&sm=
1, 2021.10.27 17:48,파이낸셜뉴스,CB 주식전환에…급락하는 HMM,https://finance.naver.com/item/news_read.naver?article_id=0004730025&office_id=014&code=011200&page=1&sm=
2, 2021.10.27 16:31,파이낸셜뉴스,"HMM, 주가 급락...해양진흥공사 전환사채 주식 전환 여파",https://finance.naver.com/item/news_read.naver?article_id=0004729976&office_id=014&code=011200&page=1&sm=
3, 2021.10.27 09:52,조선비즈,"[특징주] HMM, 해양진흥공사 CB 주식전환 소식에 9%대 급락",https://finance.naver.com/item/news_read.naver?article_id=0000769475&office_id=366&code=011200&page=1&sm=
4, 2021.10.27 09:49,한국경제,"HMM, 해진공 CB 6000억 주식전환에 9%대 급락",https://finance.naver.com/item/news_read.naver?article_id=0004621095&office_id=015&code=011200&page=1&sm=
5, 2021.10.27 09:39,아시아경제,"[특징주] HMM, 전환사채 주식전환 여파 '급락'",https://finance.naver.com/item/news_read.naver?article_id=0004989542&office_id=277&code=011200&page=1&sm=
6, 2021.10.27 09:33,헤럴드경제,"[특징주] HMM, 해양진흥공사 전환사채 주식 전환에 급락세",https://finance.naver.com/item/news_read.naver?article_id=0001904509&office_id=016&code=011200&page=1&sm=
7, 2021.10.27 09:29,이데일리,"[특징주]HMM, 6000억 규모 CB 전환에 11%대 급락",https://finance.naver.com/item/news_read.naver?article_id=0005070943&office_id=018&code=011200&page=1&sm=
8, 2021.10.27 09:09,서울경제,"[특징주] HMM, CB 6,000억 주식 전환에 약세",https://finance.naver.com/item/news_read.naver?article_id=0003977903&office_id=011&code=011200&page=1&sm=
9, 2021.10.27 16:34,이데일리,"문성혁 해수장관, HMM 선박종합상황실 찾아 ""안전 운항"" 당부",https://finance.naver.com/item/news_read.naver?article_id=0005071413&office_id=018&code=011200&page=1&sm=
10, 2021.10.26 18:06,서울경제,"해진공 ""CB 6,000억 주식전환""···HMM 물량확대 리스크 '현실...",https://finance.naver.com/item/news_read.naver?article_id=0003977788&office_id=011&code=011200&page=1&sm=
11, 2021.10.26 16:29,서울경제,"해진공, 영구전환사채 모두 주식 전환···HMM 2대 주주로",https://finance.naver.com/item/news_read.naver?article_id=0003977724&office_id=011&code=011200&page=1&sm=
12, 2021.10.26 17:05,조선비즈,"해양진흥공사, HMM 2대 주주 된다… 전환사채 주식 전환키로",https://finance.naver.com/item/news_read.naver?article_id=0000769382&office_id=366&code=011200&page=1&sm=
13, 2021.10.26 10:21,조선비즈,"HMM, 냉장·냉동 컨테이너에 사물인터넷 설치… 내후년 도입",https://finance.naver.com/item/news_read.naver?article_id=0000769172&office_id=366&code=011200&page=1&sm=
14, 2021.10.26 10:08,이데일리,"HMM, 냉장·냉동 컨테이너에 'IoT' 기술 도입",https://finance.naver.com/item/news_read.naver?article_id=0005070082&office_id=018&code=011200&page=1&sm=
15, 2021.10.25 15:02,이코노미스트,"HMM, CB 조기상환 해도 운임 하락 악재 남아…주가 반등 ‘글쎄’",https://finance.naver.com/item/news_read.naver?article_id=0000017615&office_id=243&code=011200&page=1&sm=
16, 2021.10.25 12:37,헤럴드경제,"HMM, CB 중도상환 결정...주가는 ‘시큰둥’",https://finance.naver.com/item/news_read.naver?article_id=0001903494&office_id=016&code=011200&page=1&sm=
17, 2021.10.25 10:24,헤럴드경제,HMM CB 중도상환 결정에도…주가는 업황 부진 우려에 시큰둥,https://finance.naver.com/item/news_read.naver?article_id=0001903331&office_id=016&code=011200&page=1&sm=
18, 2021.10.25 08:39,조선비즈,"신영증권 “HMM 영구채 조기 상환, 주주가치 제고 첫발”",https://finance.naver.com/item/news_read.naver?article_id=0000768882&office_id=366&code=011200&page=1&sm=
19, 2021.10.25 08:36,한국경제,"“HMM, CB 중도상환 나섰지만…운임하락 예상돼 목표가↓”-신영",https://finance.naver.com/item/news_read.naver?article_id=0004620008&office_id=015&code=011200&page=1&sm=
20, 2021.10.25 08:30,아시아경제,"[클릭 e종목]""HMM, 주주가치 제고 첫 발…운임은 하락 전망""",https://finance.naver.com/item/news_read.naver?article_id=0004988109&office_id=277&code=011200&page=1&sm=
21, 2021.10.22 17:13,조선비즈,"HMM, 영구 전환사채 6000억원 조기상환 결정",https://finance.naver.com/item/news_read.naver?article_id=0000768583&office_id=366&code=011200&page=1&sm=
22, 2021.10.22 16:58,아시아경제,"HMM, 영구 전환사채 6000억원 조기상환",https://finance.naver.com/item/news_read.naver?article_id=0004987542&office_id=277&code=011200&page=1&sm=
23, 2021.10.22 14:02,헤럴드경제,"'흠슬라 뛰어넘은 두슬라'…해외 수주·기관 매수에 두산중공업, HMM ...",https://finance.naver.com/item/news_read.naver?article_id=0001902762&office_id=016&code=011200&page=1&sm=
24, 2021.10.22 11:44,헤럴드경제,"‘흠슬라’ 뛰어넘은 ‘두슬라’...두산重, HMM 시총 추월",https://finance.naver.com/item/news_read.naver?article_id=0001902711&office_id=016&code=011200&page=1&sm=
25, 2021.10.21 03:00,머니투데이,김범수가 HMM을 산다면 [우보세],https://finance.naver.com/item/news_read.naver?article_id=0004659395&office_id=008&code=011200&page=1&sm=
0, 2021.10.20 17:11,서울경제,"HMM, 수출기업 돕기 위해 극동∼남미 동안 신규항로 개설",https://finance.naver.com/item/news_read.naver?article_id=0003975525&office_id=011&code=011200&page=2&sm=
1, 2021.10.20 14:08,이데일리,HMM 대주주 산은 “해운담합 과징금 내도 위기 없어”,https://finance.naver.com/item/news_read.naver?article_id=0005064730&office_id=018&code=011200&page=2&sm=
2, 2021.10.20 11:36,비즈니스워치,"HMM 주주들 뿔난 이유…""산은, 제 이익만 챙긴다""",https://finance.naver.com/item/news_read.naver?article_id=0000004323&office_id=648&code=011200&page=2&sm=
3, 2021.10.20 10:20,조선비즈,"HMM, 한국발 극동~남미동안 신규항로 개설… 12월 7일 첫 출항",https://finance.naver.com/item/news_read.naver?article_id=0000767777&office_id=366&code=011200&page=2&sm=
4, 2021.10.20 10:19,이데일리,"HMM, 극동~남미 동안 항로 신규 개설…12월 첫 출항",https://finance.naver.com/item/news_read.naver?article_id=0005064465&office_id=018&code=011200&page=2&sm=
5, 2021.10.19 16:36,매일경제,"중기부, 중기 수출 지원한 HMM에 감사패",https://finance.naver.com/item/news_read.naver?article_id=0004866738&office_id=009&code=011200&page=2&sm=
6, 2021.10.19 11:20,헤럴드경제,"‘물류대란’에도 1600개 中企에 숨통...중기부, HMM에 감사패",https://finance.naver.com/item/news_read.naver?article_id=0001900934&office_id=016&code=011200&page=2&sm=
7, 2021.10.19 06:00,아시아경제,"중기부, 中企 물류 어려움 해소 기여한 HMM에 감사",https://finance.naver.com/item/news_read.naver?article_id=0004985109&office_id=277&code=011200&page=2&sm=
8, 2021.10.19 11:37,한국경제,중소벤처기업부-HMM 수출중소기업 상생협력기념행사,https://finance.naver.com/item/news_read.naver?article_id=0004617813&office_id=015&code=011200&page=2&sm=
9, 2021.10.19 10:56,아시아경제,"HMM,중기부 수출물류지원 감사패…""물류애로 해소 노력 공로""",https://finance.naver.com/item/news_read.naver?article_id=0004985346&office_id=277&code=011200&page=2&sm=
10, 2021.10.19 10:52,이데일리,"HMM, 중기부서 '수출 물류 지원 감사패'",https://finance.naver.com/item/news_read.naver?article_id=0005063626&office_id=018&code=011200&page=2&sm=
11, 2021.10.19 06:46,헤럴드경제,"중기부, 물류대란 와중 중기 수출 지원한 HMM에 감사패",https://finance.naver.com/item/news_read.naver?article_id=0001900685&office_id=016&code=011200&page=2&sm=
12, 2021.10.18 19:44,이데일리,"HMM, 50번째 임시 선박 출항…""물류대란 속 기업 지원""",https://finance.naver.com/item/news_read.naver?article_id=0005063251&office_id=018&code=011200&page=2&sm=
13, 2021.10.18 14:14,서울경제,"HMM, 50번째 임시선박 출항···이달에만 6척 투입",https://finance.naver.com/item/news_read.naver?article_id=0003974364&office_id=011&code=011200&page=2&sm=
14, 2021.10.18 10:40,아시아경제,"HMM, 50번째 임시선박 출항…""수출기업 지원 최선""",https://finance.naver.com/item/news_read.naver?article_id=0004984676&office_id=277&code=011200&page=2&sm=
15, 2021.10.18 10:29,파이낸셜뉴스,HMM 50번째 수출지원 임시선박 출항,https://finance.naver.com/item/news_read.naver?article_id=0004724695&office_id=014&code=011200&page=2&sm=
16, 2021.10.18 10:23,헤럴드경제,"HMM, 수출기업 지원 위해 50번째 임시선박 투입",https://finance.naver.com/item/news_read.naver?article_id=0001900304&office_id=016&code=011200&page=2&sm=
17, 2021.10.15 15:37,이데일리,"""산업은행, HMM 여유자금 2.7조(67%)로 잇속 챙겨""",https://finance.naver.com/item/news_read.naver?article_id=0005061309&office_id=018&code=011200&page=2&sm=
0, 2021.10.14 10:02,조선비즈,"HMM, ‘주주 달래기’ 소식에 이틀 연속 강세",https://finance.naver.com/item/news_read.naver?article_id=0000766484&office_id=366&code=011200&page=3&sm=
1, 2021.10.14 09:17,서울경제,"[특징주] HMM, 이틀 연속 강세...주주 달래기 통했나",https://finance.naver.com/item/news_read.naver?article_id=0003972827&office_id=011&code=011200&page=3&sm=
2, 2021.10.13 19:20,한국경제,"HMM ""배당 등 주주 친화 정책 검토 중""",https://finance.naver.com/item/news_read.naver?article_id=0004615967&office_id=015&code=011200&page=3&sm=
3, 2021.10.13 18:09,서울경제,'주주 달래기' 나선 CEO···HMM 반등할까,https://finance.naver.com/item/news_read.naver?article_id=0003972699&office_id=011&code=011200&page=3&sm=
4, 2021.10.13 18:07,조선비즈,주주 달래기 나선 HMM “배당·영구채 조기상환 검토하겠다”,https://finance.naver.com/item/news_read.naver?article_id=0000766393&office_id=366&code=011200&page=3&sm=
5, 2021.10.13 16:39,아시아경제,"주주 달래기 나선 배재훈 HMM 사장 ""배당·영구채 조기상환 검토""",https://finance.naver.com/item/news_read.naver?article_id=0004982625&office_id=277&code=011200&page=3&sm=
6, 2021.10.13 16:29,매일경제,주주 달래기 나선 HMM…배당·영구채 조기상환 검토,https://finance.naver.com/item/news_read.naver?article_id=0004864270&office_id=009&code=011200&page=3&sm=
7, 2021.10.13 15:28,이데일리,"HMM ""산은, 매각 위해 주가 일부러 낮춘 일 없어…배당 검토""",https://finance.naver.com/item/news_read.naver?article_id=0005059234&office_id=018&code=011200&page=3&sm=
8, 2021.10.13 17:49,매일경제,"포스코, 3분기 3조 '역대 최고'…HMM, 올 영업익 6조 '국내 5...",https://finance.naver.com/item/news_read.naver?article_id=0004864420&office_id=009&code=011200&page=3&sm=
9, 2021.10.11 11:28,이데일리,"HMM, 농식품 中企 위해 호주 노선 선복 우선 제공",https://finance.naver.com/item/news_read.naver?article_id=0005057318&office_id=018&code=011200&page=3&sm=
10, 2021.10.08 13:53,이데일리,"[특징주]HMM, 250억원 규모 외국계 순매도에 ‘약세’",https://finance.naver.com/item/news_read.naver?article_id=0005055345&office_id=018&code=011200&page=3&sm=
11, 2021.10.07 09:45,서울경제,"[특징주] 컨테이너 운임 강세 지속 전망에 HMM, 2.6% ↑",https://finance.naver.com/item/news_read.naver?article_id=0003970360&office_id=011&code=011200&page=3&sm=
12, 2021.10.06 11:19,아시아경제,이달 1兆 판 外人...HMM·SK이노는 담았다,https://finance.naver.com/item/news_read.naver?article_id=0004979102&office_id=277&code=011200&page=3&sm=
13, 2021.10.05 18:42,한국경제,"HMM·팬오션 주가, 연말엔 다른 항로로 가나",https://finance.naver.com/item/news_read.naver?article_id=0004612545&office_id=015&code=011200&page=3&sm=
14, 2021.10.05 15:49,한국경제,"HMM·팬오션 주가, 연말엔 다른 항로로 가나",https://finance.naver.com/item/news_read.naver?article_id=0004612361&office_id=015&code=011200&page=3&sm=
15, 2021.10.05 17:37,이데일리,"증권가, HMM 목표가 내리면서 “극도의 저평가”…?미",https://finance.naver.com/item/news_read.naver?article_id=0005052580&office_id=018&code=011200&page=3&sm=
16, 2021.10.05 08:18,이데일리,"HMM, 중국 전력난 영향 등에 목표가↓…하지만 `저평가` -대신",https://finance.naver.com/item/news_read.naver?article_id=0005051787&office_id=018&code=011200&page=3&sm=
17, 2021.10.05 07:27,파이낸셜뉴스,"HMM, 목표주가 6만→4.8만-대신",https://finance.naver.com/item/news_read.naver?article_id=0004718038&office_id=014&code=011200&page=3&sm=
18, 2021.10.05 08:13,한국경제,"""HMM, 中 전력난으로 인한 교역량 둔화 가능성에 목표가↓""-대신",https://finance.naver.com/item/news_read.naver?article_id=0004612072&office_id=015&code=011200&page=3&sm=
0, 2021.10.05 07:53,서울경제,"""中전력난·인플레 압력 심화"" HMM, 목표가 6만원→4.8만원↓",https://finance.naver.com/item/news_read.naver?article_id=0003969125&office_id=011&code=011200&page=4&sm=
1, 2021.09.30 17:34,이데일리,친환경 선박 전환에 앞장 선 HMM '이달의 한국판뉴딜' 선정,https://finance.naver.com/item/news_read.naver?article_id=0005048653&office_id=018&code=011200&page=4&sm=
2, 2021.09.30 17:30,머니투데이,HMM '이달의 한국판뉴딜' 선정…친환경 정책 추진 공로,https://finance.naver.com/item/news_read.naver?article_id=0004651103&office_id=008&code=011200&page=4&sm=
3, 2021.09.30 17:22,조선비즈,"‘탄소감축’ HMM, 이달의 한국판 뉴딜 선정",https://finance.naver.com/item/news_read.naver?article_id=0000763971&office_id=366&code=011200&page=4&sm=
4, 2021.09.30 17:10,헤럴드경제,"HMM, ‘이달의 한국판뉴딜’ 선정",https://finance.naver.com/item/news_read.naver?article_id=0001893803&office_id=016&code=011200&page=4&sm=
5, 2021.09.30 17:07,아시아경제,"HMM, '이달의 한국판뉴딜' 선정…친환경 모빌리티 전환 공로",https://finance.naver.com/item/news_read.naver?article_id=0004976775&office_id=277&code=011200&page=4&sm=
6, 2021.09.29 17:21,이코노미스트,[증시이슈] 자꾸 흐르는 ‘흠슬라’…HMM 3.5% 하락 마감,https://finance.naver.com/item/news_read.naver?article_id=0000016679&office_id=243&code=011200&page=4&sm=
7, 2021.09.29 16:25,이데일리,"문성혁 해수부 장관, HMM 노사 대표 만난다",https://finance.naver.com/item/news_read.naver?article_id=0005047580&office_id=018&code=011200&page=4&sm=
8, 2021.09.29 15:52,서울경제,"문성혁 해수부 장관, 30일 HMM 노사 대표 만난다",https://finance.naver.com/item/news_read.naver?article_id=0003967436&office_id=011&code=011200&page=4&sm=
9, 2021.09.28 09:18,한국경제,한 때 '흠슬라'였는데…HMM 고점에 물린 개미에 기회 올까,https://finance.naver.com/item/news_read.naver?article_id=0004609203&office_id=015&code=011200&page=4&sm=
10, 2021.09.27 11:22,머니투데이,해운운임 연일 고공행진…팬오션·HMM 반등 나설까,https://finance.naver.com/item/news_read.naver?article_id=0004649113&office_id=008&code=011200&page=4&sm=
11, 2021.09.26 18:05,서울경제,효성첨단소재·HMM·엘앤에프···25개株 '꿈의 10루타' 때렸다,https://finance.naver.com/item/news_read.naver?article_id=0003965969&office_id=011&code=011200&page=4&sm=
12, 2021.09.23 11:45,이코노미스트,"영업익 6조 넘보는 HMM, 초대형선 '만선'행렬로 새 기록 써",https://finance.naver.com/item/news_read.naver?article_id=0000016466&office_id=243&code=011200&page=4&sm=
13, 2021.09.22 20:02,머니투데이,HMM 초대형 화물선 20척이 실어 나른 컨테이너박스 길이는?,https://finance.naver.com/item/news_read.naver?article_id=0004647652&office_id=008&code=011200&page=4&sm=
14, 2021.09.22 19:13,파이낸셜뉴스,HMM 세계 최대 컨선 12척 운송량 100만TEU 돌파,https://finance.naver.com/item/news_read.naver?article_id=0004712326&office_id=014&code=011200&page=4&sm=
15, 2021.09.22 16:30,한국경제,HMM 누적 운송량 100만TEU 돌파,https://finance.naver.com/item/news_read.naver?article_id=0004607054&office_id=015&code=011200&page=4&sm=
16, 2021.09.22 13:27,한국경제,"HMM, 2만4000TEU급 초대형 컨테이너선으로 100만TEU 날랐...",https://finance.naver.com/item/news_read.naver?article_id=0004606991&office_id=015&code=011200&page=4&sm=
17, 2021.09.22 11:08,헤럴드경제,"HMM, 2만4000TEU급 12척 누적 운송량…100만TEU 달성",https://finance.naver.com/item/news_read.naver?article_id=0001890063&office_id=016&code=011200&page=4&sm=
18, 2021.09.22 10:48,파이낸셜뉴스,"HMM, 세계 최대 컨선 12척 누적 운송량 '100만TEU' 달성",https://finance.naver.com/item/news_read.naver?article_id=0004712096&office_id=014&code=011200&page=4&sm=
19, 2021.09.22 10:37,아시아경제,"HMM, 2만4000TEU급 누적 운송량 ""100만TEU"" 달성",https://finance.naver.com/item/news_read.naver?article_id=0004972405&office_id=277&code=011200&page=4&sm=
20, 2021.09.22 10:31,이데일리,"HMM 세계 최대 컨테이너선 12척, 누적 운송량 100만TEU 달성",https://finance.naver.com/item/news_read.naver?article_id=0005042366&office_id=018&code=011200&page=4&sm=
21, 2021.09.22 12:00,서울경제,"HMM, 세계 최대 컨테이너선 누적 운송량 100만 TEU 넘겨",https://finance.naver.com/item/news_read.naver?article_id=0003964691&office_id=011&code=011200&page=4&sm=
0, 2021.09.21 15:41,아시아경제,"HMM, 高운임 힘입어…높아지는 3분기 사상 최대실적 기대감",https://finance.naver.com/item/news_read.naver?article_id=0004972237&office_id=277&code=011200&page=5&sm=
1, 2021.09.15 06:01,조선비즈,"産銀 회장 “적자 가능성”, 시장은 “兆단위 흑자”… HMM 전망 극과...",https://finance.naver.com/item/news_read.naver?article_id=0000761211&office_id=366&code=011200&page=5&sm=
2, 2021.09.13 17:19,머니투데이,"이동걸 ""여건 조성되면 HMM 지분, 점진적 매각""",https://finance.naver.com/item/news_read.naver?article_id=0004644550&office_id=008&code=011200&page=5&sm=
3, 2021.09.13 17:01,이데일리,"이동걸 회장, HMM 지분 단계적 매각방침 언급",https://finance.naver.com/item/news_read.naver?article_id=0005036551&office_id=018&code=011200&page=5&sm=
4, 2021.09.13 17:01,이데일리,"이동걸 산업은행 회장 ""HMM, 구조조정 되면 매각""",https://finance.naver.com/item/news_read.naver?article_id=0005036548&office_id=018&code=011200&page=5&sm=
5, 2021.09.13 09:20,서울경제,"체질 개선한 HMM, 컨테이너 시황 상승에 실적도 ↑-메리츠증권",https://finance.naver.com/item/news_read.naver?article_id=0003961731&office_id=011&code=011200&page=5&sm=
6, 2021.09.11 13:51,헤럴드경제,"정부, 9월 10척 이상 임시선박 투입…HMM 정상화로 한시름 놓은 물...",https://finance.naver.com/item/news_read.naver?article_id=0001886362&office_id=016&code=011200&page=5&sm=
7, 2021.09.07 15:07,이데일리,"HMM, 9월에만 임시선박 9척 투입…""국내기업 수출 지원""",https://finance.naver.com/item/news_read.naver?article_id=0005031248&office_id=018&code=011200&page=5&sm=
8, 2021.09.07 11:14,머니투데이,中企수출 지원에 42번째 임시선박 띄운 HMM..호주도 첫 투입,https://finance.naver.com/item/news_read.naver?article_id=0004641751&office_id=008&code=011200&page=5&sm=
9, 2021.09.07 11:07,조선비즈,"HMM, 9월에만 임시선박 9척 투입… 역대 최대",https://finance.naver.com/item/news_read.naver?article_id=0000759685&office_id=366&code=011200&page=5&sm=
10, 2021.09.07 11:07,헤럴드경제,"HMM, 이달 총 9척 임시 선박 투입",https://finance.naver.com/item/news_read.naver?article_id=0001884352&office_id=016&code=011200&page=5&sm=
11, 2021.09.07 10:58,아시아경제,"임단협 끝낸 HMM, 42번째 임시선박 출항…""수출 지원 최선""",https://finance.naver.com/item/news_read.naver?article_id=0004965435&office_id=277&code=011200&page=5&sm=
12, 2021.09.07 04:02,머니투데이,'정상화 노선' 탄 HMM…깊어지는 '3.3조 영구채 상환' 고민,https://finance.naver.com/item/news_read.naver?article_id=0004641530&office_id=008&code=011200&page=5&sm=
13, 2021.09.05 12:13,서울경제,[시그널] HMM 없어도 현대LNG해운 뜬다,https://finance.naver.com/item/news_read.naver?article_id=0003958612&office_id=011&code=011200&page=5&sm=
14, 2021.09.03 16:47,이데일리,"파업 위기 넘긴 HMM, 악재 다 털었나",https://finance.naver.com/item/news_read.naver?article_id=0005027738&office_id=018&code=011200&page=5&sm=
0, 2021.09.03 09:03,이데일리,"HMM, 시황 강세 전망에도 주식전환 가능성 부담 -삼성",https://finance.naver.com/item/news_read.naver?article_id=0005026939&office_id=018&code=011200&page=6&sm=
1, 2021.09.03 04:50,머니투데이,'77일' 채운 마지막 '19시간'..HMM 노사 극적타결 막전막후,https://finance.naver.com/item/news_read.naver?article_id=0004640269&office_id=008&code=011200&page=6&sm=
2, 2021.09.02 18:29,이데일리,HMM “협상 장기화로 심려 끼쳐 송구…국가경제 기여할 것“,https://finance.naver.com/item/news_read.naver?article_id=0005026715&office_id=018&code=011200&page=6&sm=
3, 2021.09.02 17:13,머니투데이,"HMM ""물류대란 우려 국민들께 송구…국가경제 기여하는 회사 거듭날 ...",https://finance.naver.com/item/news_read.naver?article_id=0004640163&office_id=008&code=011200&page=6&sm=
4, 2021.09.02 18:25,파이낸셜뉴스,"HMM, 77일만에 임단협 타결…물류대란 한숨 돌려",https://finance.naver.com/item/news_read.naver?article_id=0004702675&office_id=014&code=011200&page=6&sm=
5, 2021.09.02 17:54,한국경제,HMM 임단협 극적 타결…해운 대란은 겨우 피했다,https://finance.naver.com/item/news_read.naver?article_id=0004599681&office_id=015&code=011200&page=6&sm=
6, 2021.09.02 17:50,매일경제,HMM 임단협 '극적 타결'…물류대란 피했다,https://finance.naver.com/item/news_read.naver?article_id=0004846945&office_id=009&code=011200&page=6&sm=
7, 2021.09.02 09:50,파이낸셜뉴스,"HMM, 77일만에 임단협 타결...물류대란 한숨 돌려",https://finance.naver.com/item/news_read.naver?article_id=0004702233&office_id=014&code=011200&page=6&sm=
8, 2021.09.02 17:47,이데일리,HMM 임금협상 타결…산은 “해운물류 주축 역할 기대”,https://finance.naver.com/item/news_read.naver?article_id=0005026677&office_id=018&code=011200&page=6&sm=
9, 2021.09.02 16:11,이데일리,무역협회 “HMM 임단협 타결 환영…수출 기업 불안감 덜어”,https://finance.naver.com/item/news_read.naver?article_id=0005026538&office_id=018&code=011200&page=6&sm=
10, 2021.09.02 15:04,아시아경제,"무역협회 ""HMM 노사 임단협 타결, 크게 환영""",https://finance.naver.com/item/news_read.naver?article_id=0004963441&office_id=277&code=011200&page=6&sm=
11, 2021.09.02 16:09,이데일리,"HMM 노사, 임단협 77일만에 타결…물류대란 우려 해소",https://finance.naver.com/item/news_read.naver?article_id=0005026534&office_id=018&code=011200&page=6&sm=
12, 2021.09.02 10:15,비즈니스워치,해운대란 막았다…HMM 임단협 '극적 타결',https://finance.naver.com/item/news_read.naver?article_id=0000003458&office_id=648&code=011200&page=6&sm=
13, 2021.09.02 09:09,아시아경제,"HMM 노사, 임금인상 7.9%, 격려·장려금 650% 타결(상보)",https://finance.naver.com/item/news_read.naver?article_id=0004963020&office_id=277&code=011200&page=6&sm=
14, 2021.09.02 09:01,서울경제,"HMM 노사, 마라톤 협상 끝에 임단협 타결···임금 7.9% 인상",https://finance.naver.com/item/news_read.naver?article_id=0003957548&office_id=011&code=011200&page=6&sm=
15, 2021.09.02 15:39,이데일리,HMM 노조 “국가경제 위해 합의한 것…임금 정상화 논의해야”,https://finance.naver.com/item/news_read.naver?article_id=0005026493&office_id=018&code=011200&page=6&sm=
16, 2021.09.02 14:47,비즈니스워치,'한숨돌린 해운대란'...HMM 임단협 극적 타결,https://finance.naver.com/item/news_read.naver?article_id=0000003467&office_id=648&code=011200&page=6&sm=
17, 2021.09.02 09:32,한국경제,"HMM, 임단협 극적 타결 소식에 강세",https://finance.naver.com/item/news_read.naver?article_id=0004599044&office_id=015&code=011200&page=6&sm=
18, 2021.09.02 14:44,서울경제,"HMM 노사, 밤샘 협상 끝에 임단협 극적 타결···갈등 불씨는 여전",https://finance.naver.com/item/news_read.naver?article_id=0003957814&office_id=011&code=011200&page=6&sm=
19, 2021.09.02 08:39,머니투데이,"파업이냐, 극적 타결이냐…HMM 노사 밤샘협상에도 진통",https://finance.naver.com/item/news_read.naver?article_id=0004639739&office_id=008&code=011200&page=6&sm=
0, 2021.09.02 14:01,머니투데이,"HMM 노조 ""韓 경제 위해 대승적 결단…임금 정상화 없으면 파업""",https://finance.naver.com/item/news_read.naver?article_id=0004639982&office_id=008&code=011200&page=7&sm=
1, 2021.09.02 13:00,아시아경제,"HMM 노사, 임단협 77일만 극적 타결…물류대란 피했다(종합2보)",https://finance.naver.com/item/news_read.naver?article_id=0004963324&office_id=277&code=011200&page=7&sm=
2, 2021.09.02 11:06,헤럴드경제,"HMM 노사, 77일만 임금협상 타결...수출기업 물류대란 가까스로 ...",https://finance.naver.com/item/news_read.naver?article_id=0001882478&office_id=016&code=011200&page=7&sm=
3, 2021.09.02 10:23,아시아경제,"HMM 노사, 임금협상 77일만 극적 타결…물류대란 피했다(종합)",https://finance.naver.com/item/news_read.naver?article_id=0004963123&office_id=277&code=011200&page=7&sm=
4, 2021.09.02 09:46,헤럴드경제,"HMM 노사, 77일만 임금협상 극적 타결…수출 물류대란 피했다",https://finance.naver.com/item/news_read.naver?article_id=0001882334&office_id=016&code=011200&page=7&sm=
5, 2021.09.02 09:42,머니투데이,"""물류대란 막자""..HMM 노사 협상개시 77일만에 최종타결",https://finance.naver.com/item/news_read.naver?article_id=0004639789&office_id=008&code=011200&page=7&sm=
6, 2021.09.02 09:11,조선비즈,HMM 파업 피했다… 노사 ‘밤샘교섭’ 끝에 극적 타결(종합),https://finance.naver.com/item/news_read.naver?article_id=0000758606&office_id=366&code=011200&page=7&sm=
7, 2021.09.02 09:02,이데일리,HMM 노사 극적 합의…'임금 7.9%·격려금 650%',https://finance.naver.com/item/news_read.naver?article_id=0005025947&office_id=018&code=011200&page=7&sm=
8, 2021.09.02 11:29,매경이코노미,노사협상 극적 타결...악재 걷힌 HMM 주가 살아날까,https://finance.naver.com/item/news_read.naver?article_id=0000070368&office_id=024&code=011200&page=7&sm=
9, 2021.09.02 09:31,매일경제,"파업 위기 극적으로 넘겼지만…'흠슬라' HMM, 주가는 덤덤",https://finance.naver.com/item/news_read.naver?article_id=0004846541&office_id=009&code=011200&page=7&sm=
10, 2021.09.02 09:24,매일경제,"HMM 노사, 밤샘 협상 끝에 임단협 '극적 타결'",https://finance.naver.com/item/news_read.naver?article_id=0004846537&office_id=009&code=011200&page=7&sm=
11, 2021.09.02 08:59,머니투데이,HMM 노사협상 19시간만에 극적타결..임금 7.9% 인상(2보),https://finance.naver.com/item/news_read.naver?article_id=0004639754&office_id=008&code=011200&page=7&sm=
12, 2021.09.02 09:16,파이낸셜뉴스,(2보)HMM 노조 임단협 타결...임금인상 7.9% 격려금 650% ...,https://finance.naver.com/item/news_read.naver?article_id=0004702186&office_id=014&code=011200&page=7&sm=
13, 2021.09.02 08:44,이데일리,"HMM 노사, 밤샘 협상 끝에 임단협 '극적 타결'",https://finance.naver.com/item/news_read.naver?article_id=0005025912&office_id=018&code=011200&page=7&sm=
14, 2021.09.02 08:04,이데일리,"HMM 노사, 밤샘 협상…극적 타결 가능할까",https://finance.naver.com/item/news_read.naver?article_id=0005025870&office_id=018&code=011200&page=7&sm=
15, 2021.09.02 00:24,머니투데이,"HMM 노사, 자정 넘겨 협상 계속 진행(2보)",https://finance.naver.com/item/news_read.naver?article_id=0004639644&office_id=008&code=011200&page=7&sm=
16, 2021.09.01 23:49,이데일리,결론 없이 끝난 HMM 노사 협상 …2일 재협상,https://finance.naver.com/item/news_read.naver?article_id=0005025768&office_id=018&code=011200&page=7&sm=
17, 2021.09.01 08:28,아시아경제,"HMM 노사, 1일 막판 협상 진행…파업 분수령",https://finance.naver.com/item/news_read.naver?article_id=0004962267&office_id=277&code=011200&page=7&sm=
18, 2021.09.01 23:38,조선비즈,결론없이 끝난 HMM 추가교섭…내일 재협상한다,https://finance.naver.com/item/news_read.naver?article_id=0000758564&office_id=366&code=011200&page=7&sm=
0, 2021.09.01 23:10,서울경제,"HMM 노사, 임단협 추가 협상 평행선···2일 재협상",https://finance.naver.com/item/news_read.naver?article_id=0003957478&office_id=011&code=011200&page=8&sm=
1, 2021.09.01 15:28,서울경제,"HMM 노사, 1일 임단협 추가 협상 진행···파업 갈림길",https://finance.naver.com/item/news_read.naver?article_id=0003957262&office_id=011&code=011200&page=8&sm=
2, 2021.09.01 14:27,이데일리,"HMM 선원들, 선상시위 나선다…""월 320시간 일해, 처우 개선 필요...",https://finance.naver.com/item/news_read.naver?article_id=0005025405&office_id=018&code=011200&page=8&sm=
3, 2021.08.31 18:35,파이낸셜뉴스,"파업 위기 HMM, 1일 마지막교섭",https://finance.naver.com/item/news_read.naver?article_id=0004701125&office_id=014&code=011200&page=8&sm=
4, 2021.08.31 18:14,서울경제,HMM 육상노조도 파업안 가결...1일 노사 추가협상 '분수령',https://finance.naver.com/item/news_read.naver?article_id=0003956856&office_id=011&code=011200&page=8&sm=
5, 2021.08.31 16:42,이데일리,HMM 육·해상 노조 파업 결의…1일 협상서 '극적 타결' 될까,https://finance.naver.com/item/news_read.naver?article_id=0005024650&office_id=018&code=011200&page=8&sm=
6, 2021.08.31 13:36,파이낸셜뉴스,"HMM, 육상노조도 파업 가결…1일 추가 교섭 '관건'",https://finance.naver.com/item/news_read.naver?article_id=0004700842&office_id=014&code=011200&page=8&sm=
7, 2021.08.31 10:36,머니투데이,HMM 육상노조 '98% 찬성' 파업 가결…1일 임단협이 관건,https://finance.naver.com/item/news_read.naver?article_id=0004638550&office_id=008&code=011200&page=8&sm=
8, 2021.08.31 10:13,서울경제,HMM 육상노조 파업 찬성 97.88% 가결···1일 노사 추가 임단...,https://finance.naver.com/item/news_read.naver?article_id=0003956453&office_id=011&code=011200&page=8&sm=
9, 2021.08.31 10:09,이데일리,HMM 육상노조도 파업 가결…육·해상 노조 공동 파업 나서나,https://finance.naver.com/item/news_read.naver?article_id=0005024221&office_id=018&code=011200&page=8&sm=
10, 2021.08.31 06:01,이데일리,"HMM 육·해상 노조 공동 파업, 1일 협상에 달렸나",https://finance.naver.com/item/news_read.naver?article_id=0005023973&office_id=018&code=011200&page=8&sm=
11, 2021.08.31 14:17,아시아경제,HMM 육상노조 파업가결…수출 물류대란 우려,https://finance.naver.com/item/news_read.naver?article_id=0004961950&office_id=277&code=011200&page=8&sm=
12, 2021.08.31 11:49,헤럴드경제,HMM 육상노조도 98% 찬성 파업가결,https://finance.naver.com/item/news_read.naver?article_id=0001881337&office_id=016&code=011200&page=8&sm=
13, 2021.08.31 11:21,조선비즈,HMM 육상노조 98%가 파업 찬성… 내일 노사 교섭,https://finance.naver.com/item/news_read.naver?article_id=0000758046&office_id=366&code=011200&page=8&sm=
14, 2021.08.31 10:20,헤럴드경제,HMM 육상노조도 98%의 압도적 찬성률 파업 가결,https://finance.naver.com/item/news_read.naver?article_id=0001881114&office_id=016&code=011200&page=8&sm=
15, 2021.08.31 05:01,머니투데이,잘나가던 '흠슬라'는 어디에…파업 목전에 둔 HMM의 고민,https://finance.naver.com/item/news_read.naver?article_id=0004638379&office_id=008&code=011200&page=8&sm=
16, 2021.08.30 18:35,파이낸셜뉴스,HMM 파업 이번주 분수령,https://finance.naver.com/item/news_read.naver?article_id=0004700352&office_id=014&code=011200&page=8&sm=
17, 2021.08.30 16:31,파이낸셜뉴스,HMM 파업 이번주 고비...육상노조도 파업투표,https://finance.naver.com/item/news_read.naver?article_id=0004700255&office_id=014&code=011200&page=8&sm=
18, 2021.08.30 05:37,이데일리,HMM 육상노조마저 파업 나서나…찬반투표 결과 'D-1',https://finance.naver.com/item/news_read.naver?article_id=0005023158&office_id=018&code=011200&page=8&sm=
19, 2021.08.30 15:51,서울경제,"파업 기로 선 HMM···육상노조, 쟁의행위 찬반투표 실시",https://finance.naver.com/item/news_read.naver?article_id=0003956144&office_id=011&code=011200&page=8&sm=
20, 2021.08.30 10:17,아시아경제,"HMM 육상노조, 쟁의행위 찬반투표 실시…이번주 파업 갈림길",https://finance.naver.com/item/news_read.naver?article_id=0004961004&office_id=277&code=011200&page=8&sm=
21, 2021.08.29 13:31,아시아경제,"HMM, 이번주 파업 갈림길…극적 합의 이룰까",https://finance.naver.com/item/news_read.naver?article_id=0004960678&office_id=277&code=011200&page=8&sm=
22, 2021.08.29 06:00,머니투데이,"HMM 해상노조, 사측과 마지막 협상…대한민국 바닷길 '운명의 한 주...",https://finance.naver.com/item/news_read.naver?article_id=0004637665&office_id=008&code=011200&page=8&sm=
23, 2021.08.29 11:00,머니투데이,10년 마통쓰던 HMM 돈 들어오자…분배갈등,https://finance.naver.com/item/news_read.naver?article_id=0004637715&office_id=008&code=011200&page=8&sm=
24, 2021.08.28 07:20,비즈니스워치,"[현장에서]②HMM 사측 ""파업하면 전세계 해운대란""",https://finance.naver.com/item/news_read.naver?article_id=0000003338&office_id=648&code=011200&page=8&sm=
0, 2021.08.27 16:53,비즈니스워치,"[현장에서]①천막 친 HMM노조 ""파업, 우리도 싫다""",https://finance.naver.com/item/news_read.naver?article_id=0000003333&office_id=648&code=011200&page=9&sm=
1, 2021.08.27 06:02,조선비즈,"HMM·SM상선, 최대 실적 이면엔… 아직도 ‘한진해운 사태’ 후유증",https://finance.naver.com/item/news_read.naver?article_id=0000757225&office_id=366&code=011200&page=9&sm=
2, 2021.08.27 04:06,머니투데이,"나랏돈 6.9조 투입, 사상 최대 실적에도…HMM은 '파업위기'",https://finance.naver.com/item/news_read.naver?article_id=0004637005&office_id=008&code=011200&page=9&sm=
3, 2021.08.26 07:20,비즈니스워치,HMM 노사 벼랑 끝 대치…누굴 탓하랴,https://finance.naver.com/item/news_read.naver?article_id=0000003276&office_id=648&code=011200&page=9&sm=
4, 2021.08.25 18:38,파이낸셜뉴스,"HMM 노조, 집단사직 유보.. 다음달 1일 사측과 재협상",https://finance.naver.com/item/news_read.naver?article_id=0004698028&office_id=014&code=011200&page=9&sm=
5, 2021.08.25 16:06,파이낸셜뉴스,HMM 해상노조 사표제출 유보...내달 1일 재협상,https://finance.naver.com/item/news_read.naver?article_id=0004697868&office_id=014&code=011200&page=9&sm=
6, 2021.08.25 15:35,조선비즈,HMM 해상노조 ‘집단 사표’ 유보… 앞으로 일주일이 분수령,https://finance.naver.com/item/news_read.naver?article_id=0000756799&office_id=366&code=011200&page=9&sm=
7, 2021.08.25 16:25,아시아경제,"HMM 해원노조, 단체사직서 제출 보류…""다음달 1일 재교섭""(종합)",https://finance.naver.com/item/news_read.naver?article_id=0004959085&office_id=277&code=011200&page=9&sm=
8, 2021.08.25 09:20,아시아경제,"HMM 해원노조, 단체사직서 제출 보류 가닥…파업 속도조절",https://finance.naver.com/item/news_read.naver?article_id=0004958708&office_id=277&code=011200&page=9&sm=
9, 2021.08.25 15:53,머니투데이,"HMM노조 집단사직서 제출 유보…""일부만 사측에 제출""",https://finance.naver.com/item/news_read.naver?article_id=0004636128&office_id=008&code=011200&page=9&sm=
10, 2021.08.25 15:47,이데일리,"HMM 단체 사직 일단 연기…노-사, 1일 재협의 '파업 속도조절'",https://finance.naver.com/item/news_read.naver?article_id=0005019526&office_id=018&code=011200&page=9&sm=
11, 2021.08.25 15:50,헤럴드경제,"HMM 노사, 내달 1일 재교섭",https://finance.naver.com/item/news_read.naver?article_id=0001878968&office_id=016&code=011200&page=9&sm=
12, 2021.08.25 15:47,서울경제,HMM 해원노조 집단 사표 보류···내달 1일 노사 추가 협상,https://finance.naver.com/item/news_read.naver?article_id=0003954317&office_id=011&code=011200&page=9&sm=
13, 2021.08.25 14:45,아시아경제,"[종목속으로] HMM, 노사갈등에 피크아웃 우려까지…주가 전망은?",https://finance.naver.com/item/news_read.naver?article_id=0004959001&office_id=277&code=011200&page=9&sm=
0, 2021.08.25 11:39,헤럴드경제,해운재건·물류정책 차질 우려...정부 ‘HMM 묘수찾기’ 분주,https://finance.naver.com/item/news_read.naver?article_id=0001878814&office_id=016&code=011200&page=10&sm=
1, 2021.08.25 08:18,헤럴드경제,"HMM 사태, 해운재건·물류정책 차질 우려…물 밑 타협점 찾기 나선 ...",https://finance.naver.com/item/news_read.naver?article_id=0001878521&office_id=016&code=011200&page=10&sm=
2, 2021.08.25 11:10,이데일리,해운협회 “HMM 파업 여파 우려…조속한 해결 당부”,https://finance.naver.com/item/news_read.naver?article_id=0005019247&office_id=018&code=011200&page=10&sm=
3, 2021.08.25 10:47,헤럴드경제,"HMM 해원·육상노조, 단일 협상창구 만들었다…사직서 제출은 막판 고심",https://finance.naver.com/item/news_read.naver?article_id=0001878705&office_id=016&code=011200&page=10&sm=
4, 2021.08.25 10:22,이데일리,사상 첫 파업 앞둔 HMM…정부 “물류대란 막을 것”,https://finance.naver.com/item/news_read.naver?article_id=0005019181&office_id=018&code=011200&page=10&sm=
5, 2021.08.24 18:11,이코노미스트,"파업 기로에 선 HMM, 수출 '물류대란' 가시화될까",https://finance.naver.com/item/news_read.naver?article_id=0000015580&office_id=243&code=011200&page=10&sm=
6, 2021.08.24 11:49,조선비즈,HMM “노조 파업 3주면 피해액 6800억원 추산… 협상에 총력”,https://finance.naver.com/item/news_read.naver?article_id=0000756374&office_id=366&code=011200&page=10&sm=
7, 2021.08.24 15:00,이데일리,"선원 단체 사직 앞둔 HMM ""3주 파업하면 피해액 6800억""",https://finance.naver.com/item/news_read.naver?article_id=0005018620&office_id=018&code=011200&page=10&sm=
8, 2021.08.24 11:37,매경이코노미,"HMM, 노조 파업 가결에도 주가 급등…물류 대란 코앞으로",https://finance.naver.com/item/news_read.naver?article_id=0000070225&office_id=024&code=011200&page=10&sm=
9, 2021.08.24 10:05,헤럴드경제,호실적에도 웃지 못한 주가…‘파업리스크’에 발목 잡힌 HMM·현대제철,https://finance.naver.com/item/news_read.naver?article_id=0001878018&office_id=016&code=011200&page=10&sm=
10, 2021.08.24 09:21,한국경제,"해운株, 반등하나 싶었는데…노사분쟁에 발목잡힌 HMM",https://finance.naver.com/item/news_read.naver?article_id=0004595222&office_id=015&code=011200&page=10&sm=
11, 2021.08.23 19:22,이데일리,"HMM 육상노조, 30일 파업 찬반투표 실시",https://finance.naver.com/item/news_read.naver?article_id=0005018067&office_id=018&code=011200&page=10&sm=
12, 2021.08.23 06:32,서울경제,"[뒷북비즈]‘파업 기로’ HMM, 노조 “단체 이직” 카드도 꺼내",https://finance.naver.com/item/news_read.naver?article_id=0003952870&office_id=011&code=011200&page=10&sm=
0, 2021.09.03 09:03,이데일리,"HMM, 시황 강세 전망에도 주식전환 가능성 부담 -삼성",https://finance.naver.com/item/news_read.naver?article_id=0005026939&office_id=018&code=011200&page=11&sm=
1, 2021.09.03 04:50,머니투데이,'77일' 채운 마지막 '19시간'..HMM 노사 극적타결 막전막후,https://finance.naver.com/item/news_read.naver?article_id=0004640269&office_id=008&code=011200&page=11&sm=
2, 2021.09.02 18:29,이데일리,HMM “협상 장기화로 심려 끼쳐 송구…국가경제 기여할 것“,https://finance.naver.com/item/news_read.naver?article_id=0005026715&office_id=018&code=011200&page=11&sm=
3, 2021.09.02 17:13,머니투데이,"HMM ""물류대란 우려 국민들께 송구…국가경제 기여하는 회사 거듭날 ...",https://finance.naver.com/item/news_read.naver?article_id=0004640163&office_id=008&code=011200&page=11&sm=
4, 2021.09.02 18:25,파이낸셜뉴스,"HMM, 77일만에 임단협 타결…물류대란 한숨 돌려",https://finance.naver.com/item/news_read.naver?article_id=0004702675&office_id=014&code=011200&page=11&sm=
5, 2021.09.02 17:54,한국경제,HMM 임단협 극적 타결…해운 대란은 겨우 피했다,https://finance.naver.com/item/news_read.naver?article_id=0004599681&office_id=015&code=011200&page=11&sm=
6, 2021.09.02 17:50,매일경제,HMM 임단협 '극적 타결'…물류대란 피했다,https://finance.naver.com/item/news_read.naver?article_id=0004846945&office_id=009&code=011200&page=11&sm=
7, 2021.09.02 09:50,파이낸셜뉴스,"HMM, 77일만에 임단협 타결...물류대란 한숨 돌려",https://finance.naver.com/item/news_read.naver?article_id=0004702233&office_id=014&code=011200&page=11&sm=
8, 2021.09.02 17:47,이데일리,HMM 임금협상 타결…산은 “해운물류 주축 역할 기대”,https://finance.naver.com/item/news_read.naver?article_id=0005026677&office_id=018&code=011200&page=11&sm=
9, 2021.09.02 16:11,이데일리,무역협회 “HMM 임단협 타결 환영…수출 기업 불안감 덜어”,https://finance.naver.com/item/news_read.naver?article_id=0005026538&office_id=018&code=011200&page=11&sm=
10, 2021.09.02 15:04,아시아경제,"무역협회 ""HMM 노사 임단협 타결, 크게 환영""",https://finance.naver.com/item/news_read.naver?article_id=0004963441&office_id=277&code=011200&page=11&sm=
11, 2021.09.02 16:09,이데일리,"HMM 노사, 임단협 77일만에 타결…물류대란 우려 해소",https://finance.naver.com/item/news_read.naver?article_id=0005026534&office_id=018&code=011200&page=11&sm=
12, 2021.09.02 10:15,비즈니스워치,해운대란 막았다…HMM 임단협 '극적 타결',https://finance.naver.com/item/news_read.naver?article_id=0000003458&office_id=648&code=011200&page=11&sm=
13, 2021.09.02 09:09,아시아경제,"HMM 노사, 임금인상 7.9%, 격려·장려금 650% 타결(상보)",https://finance.naver.com/item/news_read.naver?article_id=0004963020&office_id=277&code=011200&page=11&sm=
14, 2021.09.02 09:01,서울경제,"HMM 노사, 마라톤 협상 끝에 임단협 타결···임금 7.9% 인상",https://finance.naver.com/item/news_read.naver?article_id=0003957548&office_id=011&code=011200&page=11&sm=
15, 2021.09.02 15:39,이데일리,HMM 노조 “국가경제 위해 합의한 것…임금 정상화 논의해야”,https://finance.naver.com/item/news_read.naver?article_id=0005026493&office_id=018&code=011200&page=11&sm=
16, 2021.09.02 14:47,비즈니스워치,'한숨돌린 해운대란'...HMM 임단협 극적 타결,https://finance.naver.com/item/news_read.naver?article_id=0000003467&office_id=648&code=011200&page=11&sm=
17, 2021.09.02 09:32,한국경제,"HMM, 임단협 극적 타결 소식에 강세",https://finance.naver.com/item/news_read.naver?article_id=0004599044&office_id=015&code=011200&page=11&sm=
18, 2021.09.02 14:44,서울경제,"HMM 노사, 밤샘 협상 끝에 임단협 극적 타결···갈등 불씨는 여전",https://finance.naver.com/item/news_read.naver?article_id=0003957814&office_id=011&code=011200&page=11&sm=
19, 2021.09.02 08:39,머니투데이,"파업이냐, 극적 타결이냐…HMM 노사 밤샘협상에도 진통",https://finance.naver.com/item/news_read.naver?article_id=0004639739&office_id=008&code=011200&page=11&sm=
0, 2021.09.02 15:39,이데일리,HMM 노조 “국가경제 위해 합의한 것…임금 정상화 논의해야”,https://finance.naver.com/item/news_read.naver?article_id=0005026493&office_id=018&code=011200&page=12&sm=
1, 2021.09.02 15:04,아시아경제,"무역협회 ""HMM 노사 임단협 타결, 크게 환영""",https://finance.naver.com/item/news_read.naver?article_id=0004963441&office_id=277&code=011200&page=12&sm=
2, 2021.09.02 14:47,비즈니스워치,'한숨돌린 해운대란'...HMM 임단협 극적 타결,https://finance.naver.com/item/news_read.naver?article_id=0000003467&office_id=648&code=011200&page=12&sm=
3, 2021.09.02 09:32,한국경제,"HMM, 임단협 극적 타결 소식에 강세",https://finance.naver.com/item/news_read.naver?article_id=0004599044&office_id=015&code=011200&page=12&sm=
4, 2021.09.02 14:44,서울경제,"HMM 노사, 밤샘 협상 끝에 임단협 극적 타결···갈등 불씨는 여전",https://finance.naver.com/item/news_read.naver?article_id=0003957814&office_id=011&code=011200&page=12&sm=
5, 2021.09.02 08:39,머니투데이,"파업이냐, 극적 타결이냐…HMM 노사 밤샘협상에도 진통",https://finance.naver.com/item/news_read.naver?article_id=0004639739&office_id=008&code=011200&page=12&sm=
6, 2021.09.02 14:01,머니투데이,"HMM 노조 ""韓 경제 위해 대승적 결단…임금 정상화 없으면 파업""",https://finance.naver.com/item/news_read.naver?article_id=0004639982&office_id=008&code=011200&page=12&sm=
7, 2021.09.02 13:00,아시아경제,"HMM 노사, 임단협 77일만 극적 타결…물류대란 피했다(종합2보)",https://finance.naver.com/item/news_read.naver?article_id=0004963324&office_id=277&code=011200&page=12&sm=
8, 2021.09.02 11:06,헤럴드경제,"HMM 노사, 77일만 임금협상 타결...수출기업 물류대란 가까스로 ...",https://finance.naver.com/item/news_read.naver?article_id=0001882478&office_id=016&code=011200&page=12&sm=
9, 2021.09.02 10:23,아시아경제,"HMM 노사, 임금협상 77일만 극적 타결…물류대란 피했다(종합)",https://finance.naver.com/item/news_read.naver?article_id=0004963123&office_id=277&code=011200&page=12&sm=
10, 2021.09.02 09:46,헤럴드경제,"HMM 노사, 77일만 임금협상 극적 타결…수출 물류대란 피했다",https://finance.naver.com/item/news_read.naver?article_id=0001882334&office_id=016&code=011200&page=12&sm=
11, 2021.09.02 09:42,머니투데이,"""물류대란 막자""..HMM 노사 협상개시 77일만에 최종타결",https://finance.naver.com/item/news_read.naver?article_id=0004639789&office_id=008&code=011200&page=12&sm=
12, 2021.09.02 09:11,조선비즈,HMM 파업 피했다… 노사 ‘밤샘교섭’ 끝에 극적 타결(종합),https://finance.naver.com/item/news_read.naver?article_id=0000758606&office_id=366&code=011200&page=12&sm=
13, 2021.09.02 09:02,이데일리,HMM 노사 극적 합의…'임금 7.9%·격려금 650%',https://finance.naver.com/item/news_read.naver?article_id=0005025947&office_id=018&code=011200&page=12&sm=
14, 2021.09.02 11:29,매경이코노미,노사협상 극적 타결...악재 걷힌 HMM 주가 살아날까,https://finance.naver.com/item/news_read.naver?article_id=0000070368&office_id=024&code=011200&page=12&sm=
15, 2021.09.02 10:15,비즈니스워치,해운대란 막았다…HMM 임단협 '극적 타결',https://finance.naver.com/item/news_read.naver?article_id=0000003458&office_id=648&code=011200&page=12&sm=
16, 2021.09.02 09:09,아시아경제,"HMM 노사, 임금인상 7.9%, 격려·장려금 650% 타결(상보)",https://finance.naver.com/item/news_read.naver?article_id=0004963020&office_id=277&code=011200&page=12&sm=
17, 2021.09.02 09:01,서울경제,"HMM 노사, 마라톤 협상 끝에 임단협 타결···임금 7.9% 인상",https://finance.naver.com/item/news_read.naver?article_id=0003957548&office_id=011&code=011200&page=12&sm=
18, 2021.09.02 09:50,파이낸셜뉴스,"HMM, 77일만에 임단협 타결...물류대란 한숨 돌려",https://finance.naver.com/item/news_read.naver?article_id=0004702233&office_id=014&code=011200&page=12&sm=
19, 2021.09.02 09:31,매일경제,"파업 위기 극적으로 넘겼지만…'흠슬라' HMM, 주가는 덤덤",https://finance.naver.com/item/news_read.naver?article_id=0004846541&office_id=009&code=011200&page=12&sm=
0, 2021.09.02 09:50,파이낸셜뉴스,"HMM, 77일만에 임단협 타결...물류대란 한숨 돌려",https://finance.naver.com/item/news_read.naver?article_id=0004702233&office_id=014&code=011200&page=13&sm=
1, 2021.09.02 09:46,헤럴드경제,"HMM 노사, 77일만 임금협상 극적 타결…수출 물류대란 피했다",https://finance.naver.com/item/news_read.naver?article_id=0001882334&office_id=016&code=011200&page=13&sm=
2, 2021.09.02 09:42,머니투데이,"""물류대란 막자""..HMM 노사 협상개시 77일만에 최종타결",https://finance.naver.com/item/news_read.naver?article_id=0004639789&office_id=008&code=011200&page=13&sm=
3, 2021.09.02 09:11,조선비즈,HMM 파업 피했다… 노사 ‘밤샘교섭’ 끝에 극적 타결(종합),https://finance.naver.com/item/news_read.naver?article_id=0000758606&office_id=366&code=011200&page=13&sm=
4, 2021.09.02 09:02,이데일리,HMM 노사 극적 합의…'임금 7.9%·격려금 650%',https://finance.naver.com/item/news_read.naver?article_id=0005025947&office_id=018&code=011200&page=13&sm=
5, 2021.09.02 09:32,한국경제,"HMM, 임단협 극적 타결 소식에 강세",https://finance.naver.com/item/news_read.naver?article_id=0004599044&office_id=015&code=011200&page=13&sm=
6, 2021.09.02 09:31,매일경제,"파업 위기 극적으로 넘겼지만…'흠슬라' HMM, 주가는 덤덤",https://finance.naver.com/item/news_read.naver?article_id=0004846541&office_id=009&code=011200&page=13&sm=
7, 2021.09.02 09:24,매일경제,"HMM 노사, 밤샘 협상 끝에 임단협 '극적 타결'",https://finance.naver.com/item/news_read.naver?article_id=0004846537&office_id=009&code=011200&page=13&sm=
8, 2021.09.02 08:59,머니투데이,HMM 노사협상 19시간만에 극적타결..임금 7.9% 인상(2보),https://finance.naver.com/item/news_read.naver?article_id=0004639754&office_id=008&code=011200&page=13&sm=
9, 2021.09.02 09:16,파이낸셜뉴스,(2보)HMM 노조 임단협 타결...임금인상 7.9% 격려금 650% ...,https://finance.naver.com/item/news_read.naver?article_id=0004702186&office_id=014&code=011200&page=13&sm=
10, 2021.09.02 09:09,아시아경제,"HMM 노사, 임금인상 7.9%, 격려·장려금 650% 타결(상보)",https://finance.naver.com/item/news_read.naver?article_id=0004963020&office_id=277&code=011200&page=13&sm=
11, 2021.09.02 09:01,서울경제,"HMM 노사, 마라톤 협상 끝에 임단협 타결···임금 7.9% 인상",https://finance.naver.com/item/news_read.naver?article_id=0003957548&office_id=011&code=011200&page=13&sm=
12, 2021.09.02 08:44,이데일리,"HMM 노사, 밤샘 협상 끝에 임단협 '극적 타결'",https://finance.naver.com/item/news_read.naver?article_id=0005025912&office_id=018&code=011200&page=13&sm=
13, 2021.09.02 08:04,이데일리,"HMM 노사, 밤샘 협상…극적 타결 가능할까",https://finance.naver.com/item/news_read.naver?article_id=0005025870&office_id=018&code=011200&page=13&sm=
14, 2021.09.02 08:39,머니투데이,"파업이냐, 극적 타결이냐…HMM 노사 밤샘협상에도 진통",https://finance.naver.com/item/news_read.naver?article_id=0004639739&office_id=008&code=011200&page=13&sm=
15, 2021.09.02 00:24,머니투데이,"HMM 노사, 자정 넘겨 협상 계속 진행(2보)",https://finance.naver.com/item/news_read.naver?article_id=0004639644&office_id=008&code=011200&page=13&sm=
0, 2021.09.02 09:01,서울경제,"HMM 노사, 마라톤 협상 끝에 임단협 타결···임금 7.9% 인상",https://finance.naver.com/item/news_read.naver?article_id=0003957548&office_id=011&code=011200&page=14&sm=
1, 2021.09.02 08:59,머니투데이,HMM 노사협상 19시간만에 극적타결..임금 7.9% 인상(2보),https://finance.naver.com/item/news_read.naver?article_id=0004639754&office_id=008&code=011200&page=14&sm=
2, 2021.09.02 08:44,이데일리,"HMM 노사, 밤샘 협상 끝에 임단협 '극적 타결'",https://finance.naver.com/item/news_read.naver?article_id=0005025912&office_id=018&code=011200&page=14&sm=
3, 2021.09.02 08:04,이데일리,"HMM 노사, 밤샘 협상…극적 타결 가능할까",https://finance.naver.com/item/news_read.naver?article_id=0005025870&office_id=018&code=011200&page=14&sm=
4, 2021.09.02 08:39,머니투데이,"파업이냐, 극적 타결이냐…HMM 노사 밤샘협상에도 진통",https://finance.naver.com/item/news_read.naver?article_id=0004639739&office_id=008&code=011200&page=14&sm=
5, 2021.09.02 00:24,머니투데이,"HMM 노사, 자정 넘겨 협상 계속 진행(2보)",https://finance.naver.com/item/news_read.naver?article_id=0004639644&office_id=008&code=011200&page=14&sm=
6, 2021.09.01 23:49,이데일리,결론 없이 끝난 HMM 노사 협상 …2일 재협상,https://finance.naver.com/item/news_read.naver?article_id=0005025768&office_id=018&code=011200&page=14&sm=
7, 2021.09.01 08:28,아시아경제,"HMM 노사, 1일 막판 협상 진행…파업 분수령",https://finance.naver.com/item/news_read.naver?article_id=0004962267&office_id=277&code=011200&page=14&sm=
8, 2021.09.01 23:38,조선비즈,결론없이 끝난 HMM 추가교섭…내일 재협상한다,https://finance.naver.com/item/news_read.naver?article_id=0000758564&office_id=366&code=011200&page=14&sm=
9, 2021.09.01 23:10,서울경제,"HMM 노사, 임단협 추가 협상 평행선···2일 재협상",https://finance.naver.com/item/news_read.naver?article_id=0003957478&office_id=011&code=011200&page=14&sm=
10, 2021.09.01 15:28,서울경제,"HMM 노사, 1일 임단협 추가 협상 진행···파업 갈림길",https://finance.naver.com/item/news_read.naver?article_id=0003957262&office_id=011&code=011200&page=14&sm=
11, 2021.09.01 14:27,이데일리,"HMM 선원들, 선상시위 나선다…""월 320시간 일해, 처우 개선 필요...",https://finance.naver.com/item/news_read.naver?article_id=0005025405&office_id=018&code=011200&page=14&sm=
12, 2021.08.31 18:35,파이낸셜뉴스,"파업 위기 HMM, 1일 마지막교섭",https://finance.naver.com/item/news_read.naver?article_id=0004701125&office_id=014&code=011200&page=14&sm=
13, 2021.08.31 18:14,서울경제,HMM 육상노조도 파업안 가결...1일 노사 추가협상 '분수령',https://finance.naver.com/item/news_read.naver?article_id=0003956856&office_id=011&code=011200&page=14&sm=
14, 2021.08.31 16:42,이데일리,HMM 육·해상 노조 파업 결의…1일 협상서 '극적 타결' 될까,https://finance.naver.com/item/news_read.naver?article_id=0005024650&office_id=018&code=011200&page=14&sm=
15, 2021.08.31 13:36,파이낸셜뉴스,"HMM, 육상노조도 파업 가결…1일 추가 교섭 '관건'",https://finance.naver.com/item/news_read.naver?article_id=0004700842&office_id=014&code=011200&page=14&sm=
16, 2021.08.31 10:36,머니투데이,HMM 육상노조 '98% 찬성' 파업 가결…1일 임단협이 관건,https://finance.naver.com/item/news_read.naver?article_id=0004638550&office_id=008&code=011200&page=14&sm=
17, 2021.08.31 10:13,서울경제,HMM 육상노조 파업 찬성 97.88% 가결···1일 노사 추가 임단...,https://finance.naver.com/item/news_read.naver?article_id=0003956453&office_id=011&code=011200&page=14&sm=
18, 2021.08.31 10:09,이데일리,HMM 육상노조도 파업 가결…육·해상 노조 공동 파업 나서나,https://finance.naver.com/item/news_read.naver?article_id=0005024221&office_id=018&code=011200&page=14&sm=
19, 2021.08.31 06:01,이데일리,"HMM 육·해상 노조 공동 파업, 1일 협상에 달렸나",https://finance.naver.com/item/news_read.naver?article_id=0005023973&office_id=018&code=011200&page=14&sm=
0, 2021.09.01 14:27,이데일리,"HMM 선원들, 선상시위 나선다…""월 320시간 일해, 처우 개선 필요...",https://finance.naver.com/item/news_read.naver?article_id=0005025405&office_id=018&code=011200&page=15&sm=
1, 2021.09.01 08:28,아시아경제,"HMM 노사, 1일 막판 협상 진행…파업 분수령",https://finance.naver.com/item/news_read.naver?article_id=0004962267&office_id=277&code=011200&page=15&sm=
2, 2021.08.31 18:35,파이낸셜뉴스,"파업 위기 HMM, 1일 마지막교섭",https://finance.naver.com/item/news_read.naver?article_id=0004701125&office_id=014&code=011200&page=15&sm=
3, 2021.08.31 18:14,서울경제,HMM 육상노조도 파업안 가결...1일 노사 추가협상 '분수령',https://finance.naver.com/item/news_read.naver?article_id=0003956856&office_id=011&code=011200&page=15&sm=
4, 2021.08.31 16:42,이데일리,HMM 육·해상 노조 파업 결의…1일 협상서 '극적 타결' 될까,https://finance.naver.com/item/news_read.naver?article_id=0005024650&office_id=018&code=011200&page=15&sm=
5, 2021.08.31 13:36,파이낸셜뉴스,"HMM, 육상노조도 파업 가결…1일 추가 교섭 '관건'",https://finance.naver.com/item/news_read.naver?article_id=0004700842&office_id=014&code=011200&page=15&sm=
6, 2021.08.31 10:36,머니투데이,HMM 육상노조 '98% 찬성' 파업 가결…1일 임단협이 관건,https://finance.naver.com/item/news_read.naver?article_id=0004638550&office_id=008&code=011200&page=15&sm=
7, 2021.08.31 10:13,서울경제,HMM 육상노조 파업 찬성 97.88% 가결···1일 노사 추가 임단...,https://finance.naver.com/item/news_read.naver?article_id=0003956453&office_id=011&code=011200&page=15&sm=
8, 2021.08.31 10:09,이데일리,HMM 육상노조도 파업 가결…육·해상 노조 공동 파업 나서나,https://finance.naver.com/item/news_read.naver?article_id=0005024221&office_id=018&code=011200&page=15&sm=
9, 2021.08.31 06:01,이데일리,"HMM 육·해상 노조 공동 파업, 1일 협상에 달렸나",https://finance.naver.com/item/news_read.naver?article_id=0005023973&office_id=018&code=011200&page=15&sm=
10, 2021.08.31 14:17,아시아경제,HMM 육상노조 파업가결…수출 물류대란 우려,https://finance.naver.com/item/news_read.naver?article_id=0004961950&office_id=277&code=011200&page=15&sm=
11, 2021.08.31 11:49,헤럴드경제,HMM 육상노조도 98% 찬성 파업가결,https://finance.naver.com/item/news_read.naver?article_id=0001881337&office_id=016&code=011200&page=15&sm=
12, 2021.08.31 11:21,조선비즈,HMM 육상노조 98%가 파업 찬성… 내일 노사 교섭,https://finance.naver.com/item/news_read.naver?article_id=0000758046&office_id=366&code=011200&page=15&sm=
13, 2021.08.31 10:20,헤럴드경제,HMM 육상노조도 98%의 압도적 찬성률 파업 가결,https://finance.naver.com/item/news_read.naver?article_id=0001881114&office_id=016&code=011200&page=15&sm=
14, 2021.08.31 05:01,머니투데이,잘나가던 '흠슬라'는 어디에…파업 목전에 둔 HMM의 고민,https://finance.naver.com/item/news_read.naver?article_id=0004638379&office_id=008&code=011200&page=15&sm=
15, 2021.08.30 18:35,파이낸셜뉴스,HMM 파업 이번주 분수령,https://finance.naver.com/item/news_read.naver?article_id=0004700352&office_id=014&code=011200&page=15&sm=
16, 2021.08.30 16:31,파이낸셜뉴스,HMM 파업 이번주 고비...육상노조도 파업투표,https://finance.naver.com/item/news_read.naver?article_id=0004700255&office_id=014&code=011200&page=15&sm=
17, 2021.08.30 05:37,이데일리,HMM 육상노조마저 파업 나서나…찬반투표 결과 'D-1',https://finance.naver.com/item/news_read.naver?article_id=0005023158&office_id=018&code=011200&page=15&sm=
18, 2021.08.30 15:51,서울경제,"파업 기로 선 HMM···육상노조, 쟁의행위 찬반투표 실시",https://finance.naver.com/item/news_read.naver?article_id=0003956144&office_id=011&code=011200&page=15&sm=
19, 2021.08.30 10:17,아시아경제,"HMM 육상노조, 쟁의행위 찬반투표 실시…이번주 파업 갈림길",https://finance.naver.com/item/news_read.naver?article_id=0004961004&office_id=277&code=011200&page=15&sm=
20, 2021.08.29 13:31,아시아경제,"HMM, 이번주 파업 갈림길…극적 합의 이룰까",https://finance.naver.com/item/news_read.naver?article_id=0004960678&office_id=277&code=011200&page=15&sm=
21, 2021.08.29 06:00,머니투데이,"HMM 해상노조, 사측과 마지막 협상…대한민국 바닷길 '운명의 한 주...",https://finance.naver.com/item/news_read.naver?article_id=0004637665&office_id=008&code=011200&page=15&sm=
22, 2021.08.29 11:00,머니투데이,10년 마통쓰던 HMM 돈 들어오자…분배갈등,https://finance.naver.com/item/news_read.naver?article_id=0004637715&office_id=008&code=011200&page=15&sm=
23, 2021.08.28 07:20,비즈니스워치,"[현장에서]②HMM 사측 ""파업하면 전세계 해운대란""",https://finance.naver.com/item/news_read.naver?article_id=0000003338&office_id=648&code=011200&page=15&sm=
0, 2021.08.31 10:20,헤럴드경제,HMM 육상노조도 98%의 압도적 찬성률 파업 가결,https://finance.naver.com/item/news_read.naver?article_id=0001881114&office_id=016&code=011200&page=16&sm=
1, 2021.08.31 10:13,서울경제,HMM 육상노조 파업 찬성 97.88% 가결···1일 노사 추가 임단협...,https://finance.naver.com/item/news_read.naver?article_id=0003956453&office_id=011&code=011200&page=16&sm=
2, 2021.08.31 10:09,이데일리,HMM 육상노조도 파업 가결…육·해상 노조 공동 파업 나서나,https://finance.naver.com/item/news_read.naver?article_id=0005024221&office_id=018&code=011200&page=16&sm=
3, 2021.08.31 06:01,이데일리,"HMM 육·해상 노조 공동 파업, 1일 협상에 달렸나",https://finance.naver.com/item/news_read.naver?article_id=0005023973&office_id=018&code=011200&page=16&sm=
4, 2021.08.31 05:01,머니투데이,잘나가던 '흠슬라'는 어디에…파업 목전에 둔 HMM의 고민,https://finance.naver.com/item/news_read.naver?article_id=0004638379&office_id=008&code=011200&page=16&sm=
5, 2021.08.30 18:35,파이낸셜뉴스,HMM 파업 이번주 분수령,https://finance.naver.com/item/news_read.naver?article_id=0004700352&office_id=014&code=011200&page=16&sm=
6, 2021.08.30 16:31,파이낸셜뉴스,HMM 파업 이번주 고비...육상노조도 파업투표,https://finance.naver.com/item/news_read.naver?article_id=0004700255&office_id=014&code=011200&page=16&sm=
7, 2021.08.30 05:37,이데일리,HMM 육상노조마저 파업 나서나…찬반투표 결과 'D-1',https://finance.naver.com/item/news_read.naver?article_id=0005023158&office_id=018&code=011200&page=16&sm=
8, 2021.08.30 15:51,서울경제,"파업 기로 선 HMM···육상노조, 쟁의행위 찬반투표 실시",https://finance.naver.com/item/news_read.naver?article_id=0003956144&office_id=011&code=011200&page=16&sm=
9, 2021.08.30 10:17,아시아경제,"HMM 육상노조, 쟁의행위 찬반투표 실시…이번주 파업 갈림길",https://finance.naver.com/item/news_read.naver?article_id=0004961004&office_id=277&code=011200&page=16&sm=
10, 2021.08.29 13:31,아시아경제,"HMM, 이번주 파업 갈림길…극적 합의 이룰까",https://finance.naver.com/item/news_read.naver?article_id=0004960678&office_id=277&code=011200&page=16&sm=
11, 2021.08.29 06:00,머니투데이,"HMM 해상노조, 사측과 마지막 협상…대한민국 바닷길 '운명의 한 주...",https://finance.naver.com/item/news_read.naver?article_id=0004637665&office_id=008&code=011200&page=16&sm=
12, 2021.08.29 11:00,머니투데이,10년 마통쓰던 HMM 돈 들어오자…분배갈등,https://finance.naver.com/item/news_read.naver?article_id=0004637715&office_id=008&code=011200&page=16&sm=
13, 2021.08.28 07:20,비즈니스워치,"[현장에서]②HMM 사측 ""파업하면 전세계 해운대란""",https://finance.naver.com/item/news_read.naver?article_id=0000003338&office_id=648&code=011200&page=16&sm=
14, 2021.08.27 16:53,비즈니스워치,"[현장에서]①천막 친 HMM노조 ""파업, 우리도 싫다""",https://finance.naver.com/item/news_read.naver?article_id=0000003333&office_id=648&code=011200&page=16&sm=
15, 2021.08.27 06:02,조선비즈,"HMM·SM상선, 최대 실적 이면엔… 아직도 ‘한진해운 사태’ 후유증",https://finance.naver.com/item/news_read.naver?article_id=0000757225&office_id=366&code=011200&page=16&sm=
0, 2021.08.29 13:31,아시아경제,"HMM, 이번주 파업 갈림길…극적 합의 이룰까",https://finance.naver.com/item/news_read.naver?article_id=0004960678&office_id=277&code=011200&page=17&sm=
1, 2021.08.29 06:00,머니투데이,"HMM 해상노조, 사측과 마지막 협상…대한민국 바닷길 '운명의 한 주...",https://finance.naver.com/item/news_read.naver?article_id=0004637665&office_id=008&code=011200&page=17&sm=
2, 2021.08.29 11:00,머니투데이,10년 마통쓰던 HMM 돈 들어오자…분배갈등,https://finance.naver.com/item/news_read.naver?article_id=0004637715&office_id=008&code=011200&page=17&sm=
3, 2021.08.28 07:20,비즈니스워치,"[현장에서]②HMM 사측 ""파업하면 전세계 해운대란""",https://finance.naver.com/item/news_read.naver?article_id=0000003338&office_id=648&code=011200&page=17&sm=
4, 2021.08.27 16:53,비즈니스워치,"[현장에서]①천막 친 HMM노조 ""파업, 우리도 싫다""",https://finance.naver.com/item/news_read.naver?article_id=0000003333&office_id=648&code=011200&page=17&sm=
5, 2021.08.27 06:02,조선비즈,"HMM·SM상선, 최대 실적 이면엔… 아직도 ‘한진해운 사태’ 후유증",https://finance.naver.com/item/news_read.naver?article_id=0000757225&office_id=366&code=011200&page=17&sm=
6, 2021.08.27 04:06,머니투데이,"나랏돈 6.9조 투입, 사상 최대 실적에도…HMM은 '파업위기'",https://finance.naver.com/item/news_read.naver?article_id=0004637005&office_id=008&code=011200&page=17&sm=
7, 2021.08.26 07:20,비즈니스워치,HMM 노사 벼랑 끝 대치…누굴 탓하랴,https://finance.naver.com/item/news_read.naver?article_id=0000003276&office_id=648&code=011200&page=17&sm=
8, 2021.08.25 18:38,파이낸셜뉴스,"HMM 노조, 집단사직 유보.. 다음달 1일 사측과 재협상",https://finance.naver.com/item/news_read.naver?article_id=0004698028&office_id=014&code=011200&page=17&sm=
9, 2021.08.25 16:06,파이낸셜뉴스,HMM 해상노조 사표제출 유보...내달 1일 재협상,https://finance.naver.com/item/news_read.naver?article_id=0004697868&office_id=014&code=011200&page=17&sm=
10, 2021.08.25 15:35,조선비즈,HMM 해상노조 ‘집단 사표’ 유보… 앞으로 일주일이 분수령,https://finance.naver.com/item/news_read.naver?article_id=0000756799&office_id=366&code=011200&page=17&sm=
11, 2021.08.25 16:25,아시아경제,"HMM 해원노조, 단체사직서 제출 보류…""다음달 1일 재교섭""(종합)",https://finance.naver.com/item/news_read.naver?article_id=0004959085&office_id=277&code=011200&page=17&sm=
12, 2021.08.25 09:20,아시아경제,"HMM 해원노조, 단체사직서 제출 보류 가닥…파업 속도조절",https://finance.naver.com/item/news_read.naver?article_id=0004958708&office_id=277&code=011200&page=17&sm=
13, 2021.08.25 15:53,머니투데이,"HMM노조 집단사직서 제출 유보…""일부만 사측에 제출""",https://finance.naver.com/item/news_read.naver?article_id=0004636128&office_id=008&code=011200&page=17&sm=
14, 2021.08.25 15:47,이데일리,"HMM 단체 사직 일단 연기…노-사, 1일 재협의 '파업 속도조절'",https://finance.naver.com/item/news_read.naver?article_id=0005019526&office_id=018&code=011200&page=17&sm=
0, 2021.08.25 16:06,파이낸셜뉴스,HMM 해상노조 사표제출 유보...내달 1일 재협상,https://finance.naver.com/item/news_read.naver?article_id=0004697868&office_id=014&code=011200&page=18&sm=
1, 2021.08.25 15:35,조선비즈,HMM 해상노조 ‘집단 사표’ 유보… 앞으로 일주일이 분수령,https://finance.naver.com/item/news_read.naver?article_id=0000756799&office_id=366&code=011200&page=18&sm=
2, 2021.08.25 15:53,머니투데이,"HMM노조 집단사직서 제출 유보…""일부만 사측에 제출""",https://finance.naver.com/item/news_read.naver?article_id=0004636128&office_id=008&code=011200&page=18&sm=
3, 2021.08.25 15:47,이데일리,"HMM 단체 사직 일단 연기…노-사, 1일 재협의 '파업 속도조절'",https://finance.naver.com/item/news_read.naver?article_id=0005019526&office_id=018&code=011200&page=18&sm=
4, 2021.08.25 15:50,헤럴드경제,"HMM 노사, 내달 1일 재교섭",https://finance.naver.com/item/news_read.naver?article_id=0001878968&office_id=016&code=011200&page=18&sm=
5, 2021.08.25 15:47,서울경제,HMM 해원노조 집단 사표 보류···내달 1일 노사 추가 협상,https://finance.naver.com/item/news_read.naver?article_id=0003954317&office_id=011&code=011200&page=18&sm=
6, 2021.08.25 14:45,아시아경제,"[종목속으로] HMM, 노사갈등에 피크아웃 우려까지…주가 전망은?",https://finance.naver.com/item/news_read.naver?article_id=0004959001&office_id=277&code=011200&page=18&sm=
7, 2021.08.25 11:39,헤럴드경제,해운재건·물류정책 차질 우려...정부 ‘HMM 묘수찾기’ 분주,https://finance.naver.com/item/news_read.naver?article_id=0001878814&office_id=016&code=011200&page=18&sm=
8, 2021.08.25 08:18,헤럴드경제,"HMM 사태, 해운재건·물류정책 차질 우려…물 밑 타협점 찾기 나선 ...",https://finance.naver.com/item/news_read.naver?article_id=0001878521&office_id=016&code=011200&page=18&sm=
9, 2021.08.25 11:10,이데일리,해운협회 “HMM 파업 여파 우려…조속한 해결 당부”,https://finance.naver.com/item/news_read.naver?article_id=0005019247&office_id=018&code=011200&page=18&sm=
10, 2021.08.25 10:47,헤럴드경제,"HMM 해원·육상노조, 단일 협상창구 만들었다…사직서 제출은 막판 고심",https://finance.naver.com/item/news_read.naver?article_id=0001878705&office_id=016&code=011200&page=18&sm=
11, 2021.08.25 10:22,이데일리,사상 첫 파업 앞둔 HMM…정부 “물류대란 막을 것”,https://finance.naver.com/item/news_read.naver?article_id=0005019181&office_id=018&code=011200&page=18&sm=
12, 2021.08.25 09:20,아시아경제,"HMM 해원노조, 단체사직서 제출 보류 가닥…파업 속도조절",https://finance.naver.com/item/news_read.naver?article_id=0004958708&office_id=277&code=011200&page=18&sm=
0, 2021.08.25 10:22,이데일리,사상 첫 파업 앞둔 HMM…정부 “물류대란 막을 것”,https://finance.naver.com/item/news_read.naver?article_id=0005019181&office_id=018&code=011200&page=19&sm=
1, 2021.08.25 09:20,아시아경제,"HMM 해원노조, 단체사직서 제출 보류 가닥…파업 속도조절",https://finance.naver.com/item/news_read.naver?article_id=0004958708&office_id=277&code=011200&page=19&sm=
2, 2021.08.25 08:18,헤럴드경제,"HMM 사태, 해운재건·물류정책 차질 우려…물 밑 타협점 찾기 나선 정...",https://finance.naver.com/item/news_read.naver?article_id=0001878521&office_id=016&code=011200&page=19&sm=
3, 2021.08.24 18:11,이코노미스트,"파업 기로에 선 HMM, 수출 '물류대란' 가시화될까",https://finance.naver.com/item/news_read.naver?article_id=0000015580&office_id=243&code=011200&page=19&sm=
4, 2021.08.24 11:49,조선비즈,HMM “노조 파업 3주면 피해액 6800억원 추산… 협상에 총력”,https://finance.naver.com/item/news_read.naver?article_id=0000756374&office_id=366&code=011200&page=19&sm=
5, 2021.08.24 15:00,이데일리,"선원 단체 사직 앞둔 HMM ""3주 파업하면 피해액 6800억""",https://finance.naver.com/item/news_read.naver?article_id=0005018620&office_id=018&code=011200&page=19&sm=
6, 2021.08.24 11:37,매경이코노미,"HMM, 노조 파업 가결에도 주가 급등…물류 대란 코앞으로",https://finance.naver.com/item/news_read.naver?article_id=0000070225&office_id=024&code=011200&page=19&sm=
7, 2021.08.24 10:05,헤럴드경제,호실적에도 웃지 못한 주가…‘파업리스크’에 발목 잡힌 HMM·현대제철,https://finance.naver.com/item/news_read.naver?article_id=0001878018&office_id=016&code=011200&page=19&sm=
8, 2021.08.24 09:21,한국경제,"해운株, 반등하나 싶었는데…노사분쟁에 발목잡힌 HMM",https://finance.naver.com/item/news_read.naver?article_id=0004595222&office_id=015&code=011200&page=19&sm=
9, 2021.08.23 19:22,이데일리,"HMM 육상노조, 30일 파업 찬반투표 실시",https://finance.naver.com/item/news_read.naver?article_id=0005018067&office_id=018&code=011200&page=19&sm=
10, 2021.08.23 06:32,서울경제,"[뒷북비즈]‘파업 기로’ HMM, 노조 “단체 이직” 카드도 꺼내",https://finance.naver.com/item/news_read.naver?article_id=0003952870&office_id=011&code=011200&page=19&sm=
11, 2021.08.23 18:08,한국경제,"국내 최대 컨테이너 선사 HMM, 파업 결의에 물류대란 '우려'",https://finance.naver.com/item/news_read.naver?article_id=0004595093&office_id=015&code=011200&page=19&sm=
12, 2021.08.23 17:18,이데일리,HMM발 물류대란 위기에 산업은행 책임론 대두,https://finance.naver.com/item/news_read.naver?article_id=0005017979&office_id=018&code=011200&page=19&sm=
0, 2021.08.23 18:08,한국경제,"국내 최대 컨테이너 선사 HMM, 파업 결의에 물류대란 '우려'",https://finance.naver.com/item/news_read.naver?article_id=0004595093&office_id=015&code=011200&page=20&sm=
1, 2021.08.23 17:18,이데일리,HMM발 물류대란 위기에 산업은행 책임론 대두,https://finance.naver.com/item/news_read.naver?article_id=0005017979&office_id=018&code=011200&page=20&sm=
2, 2021.08.23 17:39,한국경제,"파업 결의한 HMM 노조 ""단체 사직서 내겠다"" 강공",https://finance.naver.com/item/news_read.naver?article_id=0004595046&office_id=015&code=011200&page=20&sm=
3, 2021.08.23 16:25,서울경제,"HMM 파업 가결···勞 ""경쟁사로 옮기겠다""",https://finance.naver.com/item/news_read.naver?article_id=0003953245&office_id=011&code=011200&page=20&sm=
4, 2021.08.23 16:23,이데일리,"파업 아니면 단체이직…HMM, 어쩌다 이 지경까지 왔나(종합)",https://finance.naver.com/item/news_read.naver?article_id=0005017906&office_id=018&code=011200&page=20&sm=
5, 2021.08.23 15:10,조선비즈,HMM 선원노조 92%가 파업 찬성… 25일 집단사표 제출키로,https://finance.naver.com/item/news_read.naver?article_id=0000756196&office_id=366&code=011200&page=20&sm=
6, 2021.08.23 14:54,이데일리,"HMM 선원, 25일 단체 사직서 낸다…""사측 제안 따라 재협의 가능...",https://finance.naver.com/item/news_read.naver?article_id=0005017811&office_id=018&code=011200&page=20&sm=
7, 2021.08.23 15:44,이데일리,"해수부, HMM 파업 위기에 ""수출입 물류 정상가동 노력""",https://finance.naver.com/item/news_read.naver?article_id=0005017862&office_id=018&code=011200&page=20&sm=
8, 2021.08.23 14:37,이데일리,"[속보]HMM 해상노조 조합원 88.3% ""파업 찬성""",https://finance.naver.com/item/news_read.naver?article_id=0005017787&office_id=018&code=011200&page=20&sm=
9, 2021.08.23 06:32,서울경제,"[뒷북비즈]‘파업 기로’ HMM, 노조 “단체 이직” 카드도 꺼내",https://finance.naver.com/item/news_read.naver?article_id=0003952870&office_id=011&code=011200&page=20&sm=
10, 2021.08.22 18:22,파이낸셜뉴스,"해상노조 ""파업 가결땐 MSC로 단체 이직""… 물류대란 오나 [HMM ...",https://finance.naver.com/item/news_read.naver?article_id=0004695811&office_id=014&code=011200&page=20&sm=
11, 2021.08.22 14:47,서울경제,파업 투표 돌입한 HMM...노조 “단체 이직도 불사”,https://finance.naver.com/item/news_read.naver?article_id=0003952726&office_id=011&code=011200&page=20&sm=
12, 2021.08.22 14:31,이데일리,파업 투표 돌입한 HMM…'수출·물류대란' 불가피,https://finance.naver.com/item/news_read.naver?article_id=0005017001&office_id=018&code=011200&page=20&sm=
13, 2021.08.22 12:47,이데일리,"HMM 해상노조, 파업 찬반투표 나서…물류대란 우려 커져",https://finance.naver.com/item/news_read.naver?article_id=0005016936&office_id=018&code=011200&page=20&sm=
14, 2021.08.22 11:52,조선비즈,"HMM 첫 파업 초읽기… 해상노조, 정오부터 파업 찬반투표",https://finance.naver.com/item/news_read.naver?article_id=0000755984&office_id=366&code=011200&page=20&sm=
15, 2021.08.20 22:00,이데일리,HMM 해상노조마저 쟁의권 확보…중노위 조정 중지,https://finance.naver.com/item/news_read.naver?article_id=0005016411&office_id=018&code=011200&page=20&sm=
16, 2021.08.20 21:08,조선비즈,"HMM 노사, 쟁의조정 무산… 창사 45년만의 첫 파업 위기 고조(종...",https://finance.naver.com/item/news_read.naver?article_id=0000755800&office_id=366&code=011200&page=20&sm=
17, 2021.08.20 00:35,서울경제,"파업 우려 현실되나···HMM 육상노조, 쟁의권 확보",https://finance.naver.com/item/news_read.naver?article_id=0003952119&office_id=011&code=011200&page=20&sm=
18, 2021.08.20 20:04,이데일리,"'파업 위기' HMM, 노조에 ""물류대란 고려해 열린 자세로 협상해달라...",https://finance.naver.com/item/news_read.naver?article_id=0005016399&office_id=018&code=011200&page=20&sm=
0, 2021.08.22 18:22,파이낸셜뉴스,"해상노조 ""파업 가결땐 MSC로 단체 이직""… 물류대란 오나 [HMM ...",https://finance.naver.com/item/news_read.naver?article_id=0004695811&office_id=014&code=011200&page=21&sm=
1, 2021.08.22 14:47,서울경제,파업 투표 돌입한 HMM...노조 “단체 이직도 불사”,https://finance.naver.com/item/news_read.naver?article_id=0003952726&office_id=011&code=011200&page=21&sm=
2, 2021.08.22 14:31,이데일리,파업 투표 돌입한 HMM…'수출·물류대란' 불가피,https://finance.naver.com/item/news_read.naver?article_id=0005017001&office_id=018&code=011200&page=21&sm=
3, 2021.08.22 12:47,이데일리,"HMM 해상노조, 파업 찬반투표 나서…물류대란 우려 커져",https://finance.naver.com/item/news_read.naver?article_id=0005016936&office_id=018&code=011200&page=21&sm=
4, 2021.08.22 11:52,조선비즈,"HMM 첫 파업 초읽기… 해상노조, 정오부터 파업 찬반투표",https://finance.naver.com/item/news_read.naver?article_id=0000755984&office_id=366&code=011200&page=21&sm=
5, 2021.08.20 22:00,이데일리,HMM 해상노조마저 쟁의권 확보…중노위 조정 중지,https://finance.naver.com/item/news_read.naver?article_id=0005016411&office_id=018&code=011200&page=21&sm=
6, 2021.08.20 21:08,조선비즈,"HMM 노사, 쟁의조정 무산… 창사 45년만의 첫 파업 위기 고조(종...",https://finance.naver.com/item/news_read.naver?article_id=0000755800&office_id=366&code=011200&page=21&sm=
7, 2021.08.20 00:35,서울경제,"파업 우려 현실되나···HMM 육상노조, 쟁의권 확보",https://finance.naver.com/item/news_read.naver?article_id=0003952119&office_id=011&code=011200&page=21&sm=
8, 2021.08.20 20:04,이데일리,"'파업 위기' HMM, 노조에 ""물류대란 고려해 열린 자세로 협상해달라...",https://finance.naver.com/item/news_read.naver?article_id=0005016399&office_id=018&code=011200&page=21&sm=
9, 2021.08.20 14:02,이데일리,"[이데일리N] HMM 육상노조 합법적 파업권 확보…중노위, 조정 중지 ...",https://finance.naver.com/item/news_read.naver?article_id=0005015882&office_id=018&code=011200&page=21&sm=
10, 2021.08.19 23:48,이데일리,"HMM 육상노조, 파업권 얻었다…첫 파업 전운",https://finance.naver.com/item/news_read.naver?article_id=0005015455&office_id=018&code=011200&page=21&sm=
11, 2021.08.19 17:57,한국경제,"HMM 육상노조, 사측 8% 인상안 '반대'…창사이래 첫 파업 초읽기",https://finance.naver.com/item/news_read.naver?article_id=0004593864&office_id=015&code=011200&page=21&sm=
12, 2021.08.19 14:50,서울경제,"파업 전운 감도는 HMM, 중소 수출기업 뱃길 막힐라 걱정",https://finance.naver.com/item/news_read.naver?article_id=0003951861&office_id=011&code=011200&page=21&sm=
13, 2021.08.19 14:43,이데일리,"HMM 육상노조원 95% ""사측 임금 8% 인상안 반대""…파업 위기 ...",https://finance.naver.com/item/news_read.naver?article_id=0005014880&office_id=018&code=011200&page=21&sm=
14, 2021.08.19 23:24,이데일리,"[속보]HMM 육상노조, 중노위 조정 중지…파업권 획득",https://finance.naver.com/item/news_read.naver?article_id=0005015454&office_id=018&code=011200&page=21&sm=
15, 2021.08.19 11:22,이코노미스트,"[증시이슈] HMM, 사상 최대 실적에도 하락세",https://finance.naver.com/item/news_read.naver?article_id=0000015426&office_id=243&code=011200&page=21&sm=
16, 2021.08.18 18:03,한국경제,"""임금 8% 올리고 성과급 500% 주겠다""…파업 위기 HMM , 노조...",https://finance.naver.com/item/news_read.naver?article_id=0004593376&office_id=015&code=011200&page=21&sm=
17, 2021.08.18 16:30,머니투데이,"'임금 8% 인상' 짜낸 HMM…노조 ""언발에 오줌누기"" 신중",https://finance.naver.com/item/news_read.naver?article_id=0004632838&office_id=008&code=011200&page=21&sm=
18, 2021.08.18 14:26,서울경제,"HMM, 노조에 임금 8%·성과급 500% 최종안 제시",https://finance.naver.com/item/news_read.naver?article_id=0003951270&office_id=011&code=011200&page=21&sm=
19, 2021.08.18 11:48,머니투데이,"[단독]'임금 8% 인상+500% 성과급' HMM 노조, 사측 제시안...",https://finance.naver.com/item/news_read.naver?article_id=0004632661&office_id=008&code=011200&page=21&sm=
20, 2021.08.18 11:25,아시아경제,"[단독]HMM, 사측 임금인상률 8%안팎 첫 제안",https://finance.naver.com/item/news_read.naver?article_id=0004955451&office_id=277&code=011200&page=21&sm=
21, 2021.08.18 10:20,이데일리,"""MSC의 HMM 고사 작전…10년 전 선복량, 이번엔 선원 빼가기""",https://finance.naver.com/item/news_read.naver?article_id=0005013577&office_id=018&code=011200&page=21&sm=
22, 2021.08.18 08:31,비즈니스워치,HMM 역대급 이익률…매출 절반 남겼다,https://finance.naver.com/item/news_read.naver?article_id=0000003101&office_id=648&code=011200&page=21&sm=
0, 2021.08.19 23:48,이데일리,"HMM 육상노조, 파업권 얻었다…첫 파업 전운",https://finance.naver.com/item/news_read.naver?article_id=0005015455&office_id=018&code=011200&page=22&sm=
1, 2021.08.19 17:57,한국경제,"HMM 육상노조, 사측 8% 인상안 '반대'…창사이래 첫 파업 초읽기",https://finance.naver.com/item/news_read.naver?article_id=0004593864&office_id=015&code=011200&page=22&sm=
2, 2021.08.19 14:50,서울경제,"파업 전운 감도는 HMM, 중소 수출기업 뱃길 막힐라 걱정",https://finance.naver.com/item/news_read.naver?article_id=0003951861&office_id=011&code=011200&page=22&sm=
3, 2021.08.19 14:43,이데일리,"HMM 육상노조원 95% ""사측 임금 8% 인상안 반대""…파업 위기 ...",https://finance.naver.com/item/news_read.naver?article_id=0005014880&office_id=018&code=011200&page=22&sm=
4, 2021.08.19 23:24,이데일리,"[속보]HMM 육상노조, 중노위 조정 중지…파업권 획득",https://finance.naver.com/item/news_read.naver?article_id=0005015454&office_id=018&code=011200&page=22&sm=
5, 2021.08.19 11:22,이코노미스트,"[증시이슈] HMM, 사상 최대 실적에도 하락세",https://finance.naver.com/item/news_read.naver?article_id=0000015426&office_id=243&code=011200&page=22&sm=
6, 2021.08.18 18:03,한국경제,"""임금 8% 올리고 성과급 500% 주겠다""…파업 위기 HMM , 노조...",https://finance.naver.com/item/news_read.naver?article_id=0004593376&office_id=015&code=011200&page=22&sm=
7, 2021.08.18 16:30,머니투데이,"'임금 8% 인상' 짜낸 HMM…노조 ""언발에 오줌누기"" 신중",https://finance.naver.com/item/news_read.naver?article_id=0004632838&office_id=008&code=011200&page=22&sm=
8, 2021.08.18 14:26,서울경제,"HMM, 노조에 임금 8%·성과급 500% 최종안 제시",https://finance.naver.com/item/news_read.naver?article_id=0003951270&office_id=011&code=011200&page=22&sm=
9, 2021.08.18 11:48,머니투데이,"[단독]'임금 8% 인상+500% 성과급' HMM 노조, 사측 제시안...",https://finance.naver.com/item/news_read.naver?article_id=0004632661&office_id=008&code=011200&page=22&sm=
10, 2021.08.18 11:25,아시아경제,"[단독]HMM, 사측 임금인상률 8%안팎 첫 제안",https://finance.naver.com/item/news_read.naver?article_id=0004955451&office_id=277&code=011200&page=22&sm=
11, 2021.08.18 10:20,이데일리,"""MSC의 HMM 고사 작전…10년 전 선복량, 이번엔 선원 빼가기""",https://finance.naver.com/item/news_read.naver?article_id=0005013577&office_id=018&code=011200&page=22&sm=
12, 2021.08.18 08:31,비즈니스워치,HMM 역대급 이익률…매출 절반 남겼다,https://finance.naver.com/item/news_read.naver?article_id=0000003101&office_id=648&code=011200&page=22&sm=
13, 2021.08.17 15:51,이데일리,HMM 올해 `역대급` 실적? 컨테이너선 운임 연일 `순풍`,https://finance.naver.com/item/news_read.naver?article_id=0005013005&office_id=018&code=011200&page=22&sm=
14, 2021.08.17 11:25,헤럴드경제,"MSC, HMM 인력 빼가기 본격화...선원 ‘통째 스카우트’도",https://finance.naver.com/item/news_read.naver?article_id=0001875224&office_id=016&code=011200&page=22&sm=
15, 2021.08.17 09:34,헤럴드경제,"[단독] ""선원 통째 스카우트"" 스위스 MSC, HMM 인력 빼가기 ...",https://finance.naver.com/item/news_read.naver?article_id=0001875052&office_id=016&code=011200&page=22&sm=
16, 2021.08.17 06:31,서울경제,"‘적선동 괴담’ 씻어낼까···HMM, 현대그룹 떠나 여의도에 새 둥지 ...",https://finance.naver.com/item/news_read.naver?article_id=0003950429&office_id=011&code=011200&page=22&sm=
17, 2021.08.16 17:01,서울경제,"[단독] HMM, 연지동 사옥 떠나 여의도에 새둥지 튼다",https://finance.naver.com/item/news_read.naver?article_id=0003950331&office_id=011&code=011200&page=22&sm=
0, 2021.08.18 11:25,아시아경제,"[단독]HMM, 사측 임금인상률 8%안팎 첫 제안",https://finance.naver.com/item/news_read.naver?article_id=0004955451&office_id=277&code=011200&page=23&sm=
1, 2021.08.18 10:20,이데일리,"""MSC의 HMM 고사 작전…10년 전 선복량, 이번엔 선원 빼가기""",https://finance.naver.com/item/news_read.naver?article_id=0005013577&office_id=018&code=011200&page=23&sm=
2, 2021.08.18 08:31,비즈니스워치,HMM 역대급 이익률…매출 절반 남겼다,https://finance.naver.com/item/news_read.naver?article_id=0000003101&office_id=648&code=011200&page=23&sm=
3, 2021.08.17 15:51,이데일리,HMM 올해 `역대급` 실적? 컨테이너선 운임 연일 `순풍`,https://finance.naver.com/item/news_read.naver?article_id=0005013005&office_id=018&code=011200&page=23&sm=
4, 2021.08.17 11:25,헤럴드경제,"MSC, HMM 인력 빼가기 본격화...선원 ‘통째 스카우트’도",https://finance.naver.com/item/news_read.naver?article_id=0001875224&office_id=016&code=011200&page=23&sm=
5, 2021.08.17 09:34,헤럴드경제,"[단독] ""선원 통째 스카우트"" 스위스 MSC, HMM 인력 빼가기 ...",https://finance.naver.com/item/news_read.naver?article_id=0001875052&office_id=016&code=011200&page=23&sm=
6, 2021.08.17 06:31,서울경제,"‘적선동 괴담’ 씻어낼까···HMM, 현대그룹 떠나 여의도에 새 둥지 ...",https://finance.naver.com/item/news_read.naver?article_id=0003950429&office_id=011&code=011200&page=23&sm=
7, 2021.08.16 17:01,서울경제,"[단독] HMM, 연지동 사옥 떠나 여의도에 새둥지 튼다",https://finance.naver.com/item/news_read.naver?article_id=0003950331&office_id=011&code=011200&page=23&sm=
8, 2021.08.16 16:31,이데일리,컨테이너선 운임 연일 '순풍'…HMM '역대급 실적' 기대,https://finance.naver.com/item/news_read.naver?article_id=0005012224&office_id=018&code=011200&page=23&sm=
9, 2021.08.14 07:35,머니투데이,HMM의 두 얼굴...사상 최대 실적 VS 파업 위기,https://finance.naver.com/item/news_read.naver?article_id=0004631173&office_id=008&code=011200&page=23&sm=
10, 2021.08.13 17:35,매일경제,HMM 영업익 1조3889억 사상 최대,https://finance.naver.com/item/news_read.naver?article_id=0004838218&office_id=009&code=011200&page=23&sm=
0, 2021.08.13 17:35,매일경제,HMM 영업익 1조3889억 사상 최대,https://finance.naver.com/item/news_read.naver?article_id=0004838218&office_id=009&code=011200&page=24&sm=
1, 2021.08.13 17:28,한국경제,바다의 HMM·하늘의 대한항공…'깜짝 실적' 실어날랐다,https://finance.naver.com/item/news_read.naver?article_id=0004591664&office_id=015&code=011200&page=24&sm=
2, 2021.08.13 16:49,이데일리,"HMM, 해운운임 급등에 분기 역대 최대 실적(종합)",https://finance.naver.com/item/news_read.naver?article_id=0005010472&office_id=018&code=011200&page=24&sm=
3, 2021.08.13 16:11,헤럴드경제,"HMM, 1분기 이어 2분기도 사상최대 실적…영업익 1조 3889억원",https://finance.naver.com/item/news_read.naver?article_id=0001874459&office_id=016&code=011200&page=24&sm=
4, 2021.08.13 16:10,아시아경제,"HMM, 高 운임에 상반기 영업익 2조4000억원…사상 최대",https://finance.naver.com/item/news_read.naver?article_id=0004953737&office_id=277&code=011200&page=24&sm=
5, 2021.08.13 16:06,파이낸셜뉴스,"HMM, 운임 상승에 상반기 2조4천억 영업익...사상최대",https://finance.naver.com/item/news_read.naver?article_id=0004691911&office_id=014&code=011200&page=24&sm=
6, 2021.08.13 16:02,조선비즈,"HMM, 2분기 영업익 1조3800억원… 사상 최대 실적 경신",https://finance.naver.com/item/news_read.naver?article_id=0000754209&office_id=366&code=011200&page=24&sm=
7, 2021.08.13 15:53,머니투데이,HMM 사상 최대 실적 또 경신…2Q 영업익 1조3889억원,https://finance.naver.com/item/news_read.naver?article_id=0004631005&office_id=008&code=011200&page=24&sm=
8, 2021.08.13 16:28,서울경제,"HMM 2분기 영업익 사상 최대 1조 3,889억 원···전년比 10배...",https://finance.naver.com/item/news_read.naver?article_id=0003949863&office_id=011&code=011200&page=24&sm=
9, 2021.08.13 16:04,이데일리,"HMM, 2Q 영업익 1조3889억원…전년比 901%↑",https://finance.naver.com/item/news_read.naver?article_id=0005010275&office_id=018&code=011200&page=24&sm=
10, 2021.08.13 15:58,아시아경제,"HMM, 2분기 영업익 1조3890억원…전년 比 10배 증가",https://finance.naver.com/item/news_read.naver?article_id=0004953729&office_id=277&code=011200&page=24&sm=
11, 2021.08.13 15:52,파이낸셜뉴스,HMM 상반기 영업익 2조4082억...사상 최대(속보),https://finance.naver.com/item/news_read.naver?article_id=0004691903&office_id=014&code=011200&page=24&sm=
12, 2021.08.13 06:14,머니투데이,"""인당 영업이익 韓 1위인데 임금은..."" HMM 파업 '초읽기'",https://finance.naver.com/item/news_read.naver?article_id=0004630637&office_id=008&code=011200&page=24&sm=
13, 2021.08.12 18:10,조선비즈,"현대LNG해운 매물로… HMM, 다시 품나",https://finance.naver.com/item/news_read.naver?article_id=0000753988&office_id=366&code=011200&page=24&sm=
14, 2021.08.12 16:36,서울경제,"[단독] '몸값 2조' 현대LNG해운 매물로···현대상선, 눈물의 매...",https://finance.naver.com/item/news_read.naver?article_id=0003949355&office_id=011&code=011200&page=24&sm=
15, 2021.08.12 14:28,머니투데이,"""1인당 영업이익 6.4억에도 연봉은 제자리""…'파업 임박' 위기의 H...",https://finance.naver.com/item/news_read.naver?article_id=0004630337&office_id=008&code=011200&page=24&sm=
16, 2021.08.12 11:33,아시아경제,"HMM, 결국 파업하나…수출대란 우려",https://finance.naver.com/item/news_read.naver?article_id=0004952825&office_id=277&code=011200&page=24&sm=
17, 2021.08.12 06:31,서울경제,"파업 전운 감도는 HMM···최종 교섭 결렬, 중노위에 쟁의조정 신청...",https://finance.naver.com/item/news_read.naver?article_id=0003948960&office_id=011&code=011200&page=24&sm=
18, 2021.08.12 05:45,머니투데이,'바닷길 막히나' HMM 임단협 최종 결렬에 사상 첫 파업 위기,https://finance.naver.com/item/news_read.naver?article_id=0004629976&office_id=008&code=011200&page=24&sm=
0, 2021.08.13 15:53,머니투데이,HMM 사상 최대 실적 또 경신…2Q 영업익 1조3889억원,https://finance.naver.com/item/news_read.naver?article_id=0004631005&office_id=008&code=011200&page=25&sm=
1, 2021.08.13 15:52,파이낸셜뉴스,HMM 상반기 영업익 2조4082억...사상 최대(속보),https://finance.naver.com/item/news_read.naver?article_id=0004691903&office_id=014&code=011200&page=25&sm=
2, 2021.08.13 06:14,머니투데이,"""인당 영업이익 韓 1위인데 임금은..."" HMM 파업 '초읽기'",https://finance.naver.com/item/news_read.naver?article_id=0004630637&office_id=008&code=011200&page=25&sm=
3, 2021.08.12 18:10,조선비즈,"현대LNG해운 매물로… HMM, 다시 품나",https://finance.naver.com/item/news_read.naver?article_id=0000753988&office_id=366&code=011200&page=25&sm=
4, 2021.08.12 16:36,서울경제,"[단독] '몸값 2조' 현대LNG해운 매물로···현대상선, 눈물의 매...",https://finance.naver.com/item/news_read.naver?article_id=0003949355&office_id=011&code=011200&page=25&sm=
5, 2021.08.12 14:28,머니투데이,"""1인당 영업이익 6.4억에도 연봉은 제자리""…'파업 임박' 위기의 H...",https://finance.naver.com/item/news_read.naver?article_id=0004630337&office_id=008&code=011200&page=25&sm=
6, 2021.08.12 11:33,아시아경제,"HMM, 결국 파업하나…수출대란 우려",https://finance.naver.com/item/news_read.naver?article_id=0004952825&office_id=277&code=011200&page=25&sm=
7, 2021.08.12 06:31,서울경제,"파업 전운 감도는 HMM···최종 교섭 결렬, 중노위에 쟁의조정 신청...",https://finance.naver.com/item/news_read.naver?article_id=0003948960&office_id=011&code=011200&page=25&sm=
8, 2021.08.12 05:45,머니투데이,'바닷길 막히나' HMM 임단협 최종 결렬에 사상 첫 파업 위기,https://finance.naver.com/item/news_read.naver?article_id=0004629976&office_id=008&code=011200&page=25&sm=
9, 2021.08.11 18:53,파이낸셜뉴스,"HMM, 4차 교섭 결렬 '파업 전운' 해운업계 ""정부, 산업은행 나서...",https://finance.naver.com/item/news_read.naver?article_id=0004690792&office_id=014&code=011200&page=25&sm=
10, 2021.08.11 16:51,머니투데이,HMM 마지막 임단협도 결렬…사상 첫 파업 임박,https://finance.naver.com/item/news_read.naver?article_id=0004629796&office_id=008&code=011200&page=25&sm=
11, 2021.08.11 16:28,매경이코노미,잘나가던 HMM에 무슨 일이…임금 불만·노사 갈등에 파업 위기,https://finance.naver.com/item/news_read.naver?article_id=0000070057&office_id=024&code=011200&page=25&sm=
12, 2021.08.11 16:21,파이낸셜뉴스,"HMM, 마지막 임단협 결렬...사상 첫 파업 '초읽기'",https://finance.naver.com/item/news_read.naver?article_id=0004690695&office_id=014&code=011200&page=25&sm=
13, 2021.08.11 16:13,이데일리,"""수출 선박 모자란데""…HMM 파업 임박에 커지는 물류대란 우려",https://finance.naver.com/item/news_read.naver?article_id=0005008264&office_id=018&code=011200&page=25&sm=
14, 2021.08.11 18:13,한국경제,HMM 임단협 결렬…중노위에 쟁의조정 신청,https://finance.naver.com/item/news_read.naver?article_id=0004590712&office_id=015&code=011200&page=25&sm=
15, 2021.08.11 17:39,이데일리,가뜩이나 수출 선박 모자란데…파업 위기 놓인 HMM,https://finance.naver.com/item/news_read.naver?article_id=0005008357&office_id=018&code=011200&page=25&sm=
16, 2021.08.11 16:35,서울경제,"HMM, 임단협 4차 교섭 결렬···중노위에 쟁의조정 신청",https://finance.naver.com/item/news_read.naver?article_id=0003948801&office_id=011&code=011200&page=25&sm=
17, 2021.08.11 16:13,조선비즈,HMM 해상노조 마지막 교섭도 결렬… 커지는 수출 대란 우려,https://finance.naver.com/item/news_read.naver?article_id=0000753593&office_id=366&code=011200&page=25&sm=
18, 2021.08.11 15:52,이데일리,"HMM 노사 협상, 중노위로 넘어갔다…파업 '초읽기'",https://finance.naver.com/item/news_read.naver?article_id=0005008235&office_id=018&code=011200&page=25&sm=
19, 2021.08.11 17:05,헤럴드경제,"HMM, 4차 교섭도 결렬…사상 첫 파업 우려 고조",https://finance.naver.com/item/news_read.naver?article_id=0001873490&office_id=016&code=011200&page=25&sm=
20, 2021.08.10 16:30,조선비즈,"HMM·고려해운 등 해운업계, 국민의힘 원내지도부 만나 ‘공동행위’ 정...",https://finance.naver.com/item/news_read.naver?article_id=0000753274&office_id=366&code=011200&page=25&sm=
21, 2021.08.10 14:08,서울경제,마지막 교섭 앞둔 HMM 노사···기업들은 물류대란 우려에 울상,https://finance.naver.com/item/news_read.naver?article_id=0003948167&office_id=011&code=011200&page=25&sm=
22, 2021.08.10 06:01,조선비즈,HMM의 딜레마… 실적 좋아질수록 임금협상 난항에 담합 걱정,https://finance.naver.com/item/news_read.naver?article_id=0000753049&office_id=366&code=011200&page=25&sm=
0, 2021.08.11 18:13,한국경제,HMM 임단협 결렬…중노위에 쟁의조정 신청,https://finance.naver.com/item/news_read.naver?article_id=0004590712&office_id=015&code=011200&page=26&sm=
1, 2021.08.11 17:39,이데일리,가뜩이나 수출 선박 모자란데…파업 위기 놓인 HMM,https://finance.naver.com/item/news_read.naver?article_id=0005008357&office_id=018&code=011200&page=26&sm=
2, 2021.08.11 16:35,서울경제,"HMM, 임단협 4차 교섭 결렬···중노위에 쟁의조정 신청",https://finance.naver.com/item/news_read.naver?article_id=0003948801&office_id=011&code=011200&page=26&sm=
3, 2021.08.11 16:13,조선비즈,HMM 해상노조 마지막 교섭도 결렬… 커지는 수출 대란 우려,https://finance.naver.com/item/news_read.naver?article_id=0000753593&office_id=366&code=011200&page=26&sm=
4, 2021.08.11 15:52,이데일리,"HMM 노사 협상, 중노위로 넘어갔다…파업 '초읽기'",https://finance.naver.com/item/news_read.naver?article_id=0005008235&office_id=018&code=011200&page=26&sm=
5, 2021.08.11 17:05,헤럴드경제,"HMM, 4차 교섭도 결렬…사상 첫 파업 우려 고조",https://finance.naver.com/item/news_read.naver?article_id=0001873490&office_id=016&code=011200&page=26&sm=
6, 2021.08.11 16:51,머니투데이,HMM 마지막 임단협도 결렬…사상 첫 파업 임박,https://finance.naver.com/item/news_read.naver?article_id=0004629796&office_id=008&code=011200&page=26&sm=
7, 2021.08.11 16:28,매경이코노미,잘나가던 HMM에 무슨 일이…임금 불만·노사 갈등에 파업 위기,https://finance.naver.com/item/news_read.naver?article_id=0000070057&office_id=024&code=011200&page=26&sm=
8, 2021.08.11 16:21,파이낸셜뉴스,"HMM, 마지막 임단협 결렬...사상 첫 파업 '초읽기'",https://finance.naver.com/item/news_read.naver?article_id=0004690695&office_id=014&code=011200&page=26&sm=
9, 2021.08.11 16:13,이데일리,"""수출 선박 모자란데""…HMM 파업 임박에 커지는 물류대란 우려",https://finance.naver.com/item/news_read.naver?article_id=0005008264&office_id=018&code=011200&page=26&sm=
10, 2021.08.10 16:30,조선비즈,"HMM·고려해운 등 해운업계, 국민의힘 원내지도부 만나 ‘공동행위’ 정...",https://finance.naver.com/item/news_read.naver?article_id=0000753274&office_id=366&code=011200&page=26&sm=
11, 2021.08.10 14:08,서울경제,마지막 교섭 앞둔 HMM 노사···기업들은 물류대란 우려에 울상,https://finance.naver.com/item/news_read.naver?article_id=0003948167&office_id=011&code=011200&page=26&sm=
12, 2021.08.10 06:01,조선비즈,HMM의 딜레마… 실적 좋아질수록 임금협상 난항에 담합 걱정,https://finance.naver.com/item/news_read.naver?article_id=0000753049&office_id=366&code=011200&page=26&sm=
13, 2021.08.09 16:25,조선비즈,해수부 “산업은행에 HMM 임단협 중재안 제시한 바 없다”,https://finance.naver.com/item/news_read.naver?article_id=0000752987&office_id=366&code=011200&page=26&sm=
14, 2021.08.09 10:04,이데일리,해수부 “HMM 성과급 700% 사실무근…노사 합의 필요”,https://finance.naver.com/item/news_read.naver?article_id=0005005861&office_id=018&code=011200&page=26&sm=
15, 2021.08.08 18:21,파이낸셜뉴스,파업에 과징금 우려…살얼음판 걷는 HMM,https://finance.naver.com/item/news_read.naver?article_id=0004688682&office_id=014&code=011200&page=26&sm=
16, 2021.08.08 16:11,파이낸셜뉴스,첫 파업·과징금 우려...사상 최대 실적에도 HMM '내우외환',https://finance.naver.com/item/news_read.naver?article_id=0004688615&office_id=014&code=011200&page=26&sm=
17, 2021.08.08 17:20,서울경제,역대급 실적에도 웃지 못하는 HMM,https://finance.naver.com/item/news_read.naver?article_id=0003947301&office_id=011&code=011200&page=26&sm=
18, 2021.08.08 11:28,아시아경제,"HMM, 이번주 파업 갈림길…해상노조 마지막 교섭",https://finance.naver.com/item/news_read.naver?article_id=0004950344&office_id=277&code=011200&page=26&sm=
19, 2021.08.08 06:01,조선비즈,"해운 반독점 위반 의심하는 美, HMM·SM상선 할증료도 조사",https://finance.naver.com/item/news_read.naver?article_id=0000752725&office_id=366&code=011200&page=26&sm=
20, 2021.08.06 11:03,이코노미스트,"[증시이슈] '파업 위기감' HMM, 장 초반 소폭 상승",https://finance.naver.com/item/news_read.naver?article_id=0000015088&office_id=243&code=011200&page=26&sm=
0, 2021.08.10 16:30,조선비즈,"HMM·고려해운 등 해운업계, 국민의힘 원내지도부 만나 ‘공동행위’ 정...",https://finance.naver.com/item/news_read.naver?article_id=0000753274&office_id=366&code=011200&page=27&sm=
1, 2021.08.10 14:08,서울경제,마지막 교섭 앞둔 HMM 노사···기업들은 물류대란 우려에 울상,https://finance.naver.com/item/news_read.naver?article_id=0003948167&office_id=011&code=011200&page=27&sm=
2, 2021.08.10 06:01,조선비즈,HMM의 딜레마… 실적 좋아질수록 임금협상 난항에 담합 걱정,https://finance.naver.com/item/news_read.naver?article_id=0000753049&office_id=366&code=011200&page=27&sm=
3, 2021.08.09 16:25,조선비즈,해수부 “산업은행에 HMM 임단협 중재안 제시한 바 없다”,https://finance.naver.com/item/news_read.naver?article_id=0000752987&office_id=366&code=011200&page=27&sm=
4, 2021.08.09 10:04,이데일리,해수부 “HMM 성과급 700% 사실무근…노사 합의 필요”,https://finance.naver.com/item/news_read.naver?article_id=0005005861&office_id=018&code=011200&page=27&sm=
5, 2021.08.08 18:21,파이낸셜뉴스,파업에 과징금 우려…살얼음판 걷는 HMM,https://finance.naver.com/item/news_read.naver?article_id=0004688682&office_id=014&code=011200&page=27&sm=
6, 2021.08.08 16:11,파이낸셜뉴스,첫 파업·과징금 우려...사상 최대 실적에도 HMM '내우외환',https://finance.naver.com/item/news_read.naver?article_id=0004688615&office_id=014&code=011200&page=27&sm=
7, 2021.08.08 17:20,서울경제,역대급 실적에도 웃지 못하는 HMM,https://finance.naver.com/item/news_read.naver?article_id=0003947301&office_id=011&code=011200&page=27&sm=
8, 2021.08.08 11:28,아시아경제,"HMM, 이번주 파업 갈림길…해상노조 마지막 교섭",https://finance.naver.com/item/news_read.naver?article_id=0004950344&office_id=277&code=011200&page=27&sm=
9, 2021.08.08 06:01,조선비즈,"해운 반독점 위반 의심하는 美, HMM·SM상선 할증료도 조사",https://finance.naver.com/item/news_read.naver?article_id=0000752725&office_id=366&code=011200&page=27&sm=
10, 2021.08.06 11:03,이코노미스트,"[증시이슈] '파업 위기감' HMM, 장 초반 소폭 상승",https://finance.naver.com/item/news_read.naver?article_id=0000015088&office_id=243&code=011200&page=27&sm=
11, 2021.08.06 10:36,아시아경제,"HMM, 다음주 마지막 교섭…파업 분수령",https://finance.naver.com/item/news_read.naver?article_id=0004949746&office_id=277&code=011200&page=27&sm=
12, 2021.08.05 17:23,머니투데이,'임금 25% 인상' vs '5.5% 인상'…커지는 HMM 파업리스크,https://finance.naver.com/item/news_read.naver?article_id=0004627176&office_id=008&code=011200&page=27&sm=
13, 2021.08.04 19:01,이데일리,"HMM 노조, 靑 찾아 ""파업 않도록 도와달라""",https://finance.naver.com/item/news_read.naver?article_id=0005003225&office_id=018&code=011200&page=27&sm=
0, 2021.08.06 11:03,이코노미스트,"[증시이슈] '파업 위기감' HMM, 장 초반 소폭 상승",https://finance.naver.com/item/news_read.naver?article_id=0000015088&office_id=243&code=011200&page=28&sm=
1, 2021.08.06 10:36,아시아경제,"HMM, 다음주 마지막 교섭…파업 분수령",https://finance.naver.com/item/news_read.naver?article_id=0004949746&office_id=277&code=011200&page=28&sm=
2, 2021.08.05 17:23,머니투데이,'임금 25% 인상' vs '5.5% 인상'…커지는 HMM 파업리스크,https://finance.naver.com/item/news_read.naver?article_id=0004627176&office_id=008&code=011200&page=28&sm=
3, 2021.08.04 19:01,이데일리,"HMM 노조, 靑 찾아 ""파업 않도록 도와달라""",https://finance.naver.com/item/news_read.naver?article_id=0005003225&office_id=018&code=011200&page=28&sm=
4, 2021.08.04 14:26,머니투데이,"해수부 ""HMM 연봉 더 올릴수도""…파업 위기서 뱃머리 돌릴까",https://finance.naver.com/item/news_read.naver?article_id=0004626447&office_id=008&code=011200&page=28&sm=
5, 2021.08.04 05:45,머니투데이,"""분기 1조씩 벌어도 임금은 제자리""…HMM 직원들의 이유있는 보상 ...",https://finance.naver.com/item/news_read.naver?article_id=0004626118&office_id=008&code=011200&page=28&sm=
6, 2021.08.04 13:54,서울경제,"[특징주] 중기 전용 선적공간 2배 늘리는 HMM, 실적 기대감에 4....",https://finance.naver.com/item/news_read.naver?article_id=0003945806&office_id=011&code=011200&page=28&sm=
7, 2021.08.04 12:01,조선비즈,"HMM, 중소기업 전용 선적공간 2배 늘린다",https://finance.naver.com/item/news_read.naver?article_id=0000751842&office_id=366&code=011200&page=28&sm=
8, 2021.08.03 17:57,이데일리,"파업 위기 HMM, 해상노조 3차 교섭 결렬…""합당한 대우 원해""",https://finance.naver.com/item/news_read.naver?article_id=0005002227&office_id=018&code=011200&page=28&sm=
9, 2021.08.03 17:55,조선비즈,"HMM, 해상노조 3차 교섭도 결렬… 파업 가능성 고조",https://finance.naver.com/item/news_read.naver?article_id=0000751716&office_id=366&code=011200&page=28&sm=
10, 2021.08.03 17:10,이데일리,"HMM 해상노조, 3차 교섭도 결렬…파업 위기 고조",https://finance.naver.com/item/news_read.naver?article_id=0005002147&office_id=018&code=011200&page=28&sm=
11, 2021.08.03 16:29,파이낸셜뉴스,HMM 해상노조 3차교섭 결렬...파업 위기에 물류난 '우려',https://finance.naver.com/item/news_read.naver?article_id=0004686241&office_id=014&code=011200&page=28&sm=
12, 2021.08.03 11:07,머니투데이,"CB 차익만 2조원대 산은, 8년 연봉 동결 HMM 직원 보상엔 '글...",https://finance.naver.com/item/news_read.naver?article_id=0004625747&office_id=008&code=011200&page=28&sm=
13, 2021.08.03 05:46,이데일리,"파업 위기 몰린 HMM…오늘, 노조와 3차 교섭 나선다",https://finance.naver.com/item/news_read.naver?article_id=0005001311&office_id=018&code=011200&page=28&sm=
14, 2021.08.03 08:53,이데일리,"HMM, 내년까지 운임 상승…목표주가 5.2만원 -이베스트",https://finance.naver.com/item/news_read.naver?article_id=0005001429&office_id=018&code=011200&page=28&sm=
15, 2021.08.03 08:48,서울경제,"이베스트 ""HMM, CB·BW 전환 이슈에 따라 목표주가 변동폭 커""",https://finance.naver.com/item/news_read.naver?article_id=0003945109&office_id=011&code=011200&page=28&sm=
16, 2021.08.02 16:37,이코노미스트,"[증시이슈] HMM, 호황 기대감에도 하락 마감",https://finance.naver.com/item/news_read.naver?article_id=0000014974&office_id=243&code=011200&page=28&sm=
17, 2021.08.02 16:20,한국경제,HMM 덮친 '파업 공포'…4만원선도 붕괴,https://finance.naver.com/item/news_read.naver?article_id=0004586565&office_id=015&code=011200&page=28&sm=
0, 2021.08.03 17:10,이데일리,"HMM 해상노조, 3차 교섭도 결렬…파업 위기 고조",https://finance.naver.com/item/news_read.naver?article_id=0005002147&office_id=018&code=011200&page=29&sm=
1, 2021.08.03 16:29,파이낸셜뉴스,HMM 해상노조 3차교섭 결렬...파업 위기에 물류난 '우려',https://finance.naver.com/item/news_read.naver?article_id=0004686241&office_id=014&code=011200&page=29&sm=
2, 2021.08.03 11:07,머니투데이,"CB 차익만 2조원대 산은, 8년 연봉 동결 HMM 직원 보상엔 '글...",https://finance.naver.com/item/news_read.naver?article_id=0004625747&office_id=008&code=011200&page=29&sm=
3, 2021.08.03 05:46,이데일리,"파업 위기 몰린 HMM…오늘, 노조와 3차 교섭 나선다",https://finance.naver.com/item/news_read.naver?article_id=0005001311&office_id=018&code=011200&page=29&sm=
4, 2021.08.03 08:53,이데일리,"HMM, 내년까지 운임 상승…목표주가 5.2만원 -이베스트",https://finance.naver.com/item/news_read.naver?article_id=0005001429&office_id=018&code=011200&page=29&sm=
5, 2021.08.03 08:48,서울경제,"이베스트 ""HMM, CB·BW 전환 이슈에 따라 목표주가 변동폭 커""",https://finance.naver.com/item/news_read.naver?article_id=0003945109&office_id=011&code=011200&page=29&sm=
6, 2021.08.02 16:37,이코노미스트,"[증시이슈] HMM, 호황 기대감에도 하락 마감",https://finance.naver.com/item/news_read.naver?article_id=0000014974&office_id=243&code=011200&page=29&sm=
7, 2021.08.02 16:20,한국경제,HMM 덮친 '파업 공포'…4만원선도 붕괴,https://finance.naver.com/item/news_read.naver?article_id=0004586565&office_id=015&code=011200&page=29&sm=
8, 2021.07.30 17:40,서울경제,"HMM 첫 파업 위기...중기, 물류난 가중되나 '긴장'",https://finance.naver.com/item/news_read.naver?article_id=0003944062&office_id=011&code=011200&page=29&sm=
9, 2021.07.30 15:49,이데일리,"`사상최대 실적` 낸 HMM, 사상 첫 파업 위기 직면",https://finance.naver.com/item/news_read.naver?article_id=0004999120&office_id=018&code=011200&page=29&sm=
10, 2021.07.30 14:25,이데일리,"[이데일리N] 최대 실적 낸 HMM, 노조 파업 위기…임금인상률 5....",https://finance.naver.com/item/news_read.naver?article_id=0004998874&office_id=018&code=011200&page=29&sm=
11, 2021.07.30 11:45,파이낸셜뉴스,"HMM 첫 파업 '전운'...노조, 중노위 조정 신청키로",https://finance.naver.com/item/news_read.naver?article_id=0004684215&office_id=014&code=011200&page=29&sm=
12, 2021.07.29 17:11,헤럴드경제,"HMM, 최대실적 앞두고 파업가나…육상노조, 중노위 조정 신청",https://finance.naver.com/item/news_read.naver?article_id=0001868361&office_id=016&code=011200&page=29&sm=
13, 2021.07.29 16:46,조선비즈,"사상 최대 실적 HMM, 파업 초읽기… 노조 “임금 25% 올려달라”",https://finance.naver.com/item/news_read.naver?article_id=0000750618&office_id=366&code=011200&page=29&sm=
14, 2021.07.29 16:01,아시아경제,"최대 실적 낸 HMM 노조, 파업 위기 고조",https://finance.naver.com/item/news_read.naver?article_id=0004945780&office_id=277&code=011200&page=29&sm=
15, 2021.07.29 15:28,이데일리,HMM 육상노조 임협 결국 중노위로…해상노조 교섭도 '난항',https://finance.naver.com/item/news_read.naver?article_id=0004997935&office_id=018&code=011200&page=29&sm=
16, 2021.07.29 05:10,머니투데이,사상 최대 실적인데 임금은 제자리..HMM 흔드는 노사갈등,https://finance.naver.com/item/news_read.naver?article_id=0004623454&office_id=008&code=011200&page=29&sm=
17, 2021.07.28 16:39,머니투데이,"사상 최대 실적 HMM, 노사 갈등이 발목잡나",https://finance.naver.com/item/news_read.naver?article_id=0004623286&office_id=008&code=011200&page=29&sm=
18, 2021.07.27 18:15,한국경제,HMM 파업 강행?…안 그래도 어려운 수출물류 타격 우려,https://finance.naver.com/item/news_read.naver?article_id=0004584242&office_id=015&code=011200&page=29&sm=
19, 2021.07.23 17:26,이코노미스트,[CEO UP | 배재훈 HMM 대표] 연속 2분기 조 단위 영업이익 ...,https://finance.naver.com/item/news_read.naver?article_id=0000014736&office_id=243&code=011200&page=29&sm=
20, 2021.07.21 11:29,머니투데이,"HMM, 올 상반기 투입한 컨테이너선 8척 모두 '만선' 출항",https://finance.naver.com/item/news_read.naver?article_id=0004619619&office_id=008&code=011200&page=29&sm=
21, 2021.07.21 11:00,이데일리,"HMM, 상반기 투입한 초대형 컨테이너선 8척도 모두 '만선'",https://finance.naver.com/item/news_read.naver?article_id=0004990579&office_id=018&code=011200&page=29&sm=
22, 2021.07.21 10:41,헤럴드경제,"HMM, 상반기 투입 1만6000TEU급 컨테이너선 8척 모두 '만선...",https://finance.naver.com/item/news_read.naver?article_id=0001864327&office_id=016&code=011200&page=29&sm=
23, 2021.07.21 10:39,파이낸셜뉴스,"HMM, 상반기 투입 1만6000TEU 컨선 8척 모두 '만선'",https://finance.naver.com/item/news_read.naver?article_id=0004678605&office_id=014&code=011200&page=29&sm=
24, 2021.07.21 10:12,조선비즈,"HMM, 1만6000TEU급 컨테이너선 8척 모두 ‘만선’",https://finance.naver.com/item/news_read.naver?article_id=0000748238&office_id=366&code=011200&page=29&sm=
25, 2021.07.21 10:06,아시아경제,"HMM, 1만6000TEU급 컨테이너선 8척 모두 '만선 출항'",https://finance.naver.com/item/news_read.naver?article_id=0004940865&office_id=277&code=011200&page=29&sm=
0, 2021.07.30 14:25,이데일리,"[이데일리N] 최대 실적 낸 HMM, 노조 파업 위기…임금인상률 5.5...",https://finance.naver.com/item/news_read.naver?article_id=0004998874&office_id=018&code=011200&page=30&sm=
1, 2021.07.30 11:45,파이낸셜뉴스,"HMM 첫 파업 '전운'...노조, 중노위 조정 신청키로",https://finance.naver.com/item/news_read.naver?article_id=0004684215&office_id=014&code=011200&page=30&sm=
2, 2021.07.29 17:11,헤럴드경제,"HMM, 최대실적 앞두고 파업가나…육상노조, 중노위 조정 신청",https://finance.naver.com/item/news_read.naver?article_id=0001868361&office_id=016&code=011200&page=30&sm=
3, 2021.07.29 16:46,조선비즈,"사상 최대 실적 HMM, 파업 초읽기… 노조 “임금 25% 올려달라”",https://finance.naver.com/item/news_read.naver?article_id=0000750618&office_id=366&code=011200&page=30&sm=
4, 2021.07.29 16:01,아시아경제,"최대 실적 낸 HMM 노조, 파업 위기 고조",https://finance.naver.com/item/news_read.naver?article_id=0004945780&office_id=277&code=011200&page=30&sm=
5, 2021.07.29 15:28,이데일리,HMM 육상노조 임협 결국 중노위로…해상노조 교섭도 '난항',https://finance.naver.com/item/news_read.naver?article_id=0004997935&office_id=018&code=011200&page=30&sm=
6, 2021.07.29 05:10,머니투데이,사상 최대 실적인데 임금은 제자리..HMM 흔드는 노사갈등,https://finance.naver.com/item/news_read.naver?article_id=0004623454&office_id=008&code=011200&page=30&sm=
7, 2021.07.28 16:39,머니투데이,"사상 최대 실적 HMM, 노사 갈등이 발목잡나",https://finance.naver.com/item/news_read.naver?article_id=0004623286&office_id=008&code=011200&page=30&sm=
8, 2021.07.27 18:15,한국경제,HMM 파업 강행?…안 그래도 어려운 수출물류 타격 우려,https://finance.naver.com/item/news_read.naver?article_id=0004584242&office_id=015&code=011200&page=30&sm=
9, 2021.07.23 17:26,이코노미스트,[CEO UP | 배재훈 HMM 대표] 연속 2분기 조 단위 영업이익 ...,https://finance.naver.com/item/news_read.naver?article_id=0000014736&office_id=243&code=011200&page=30&sm=
10, 2021.07.21 11:29,머니투데이,"HMM, 올 상반기 투입한 컨테이너선 8척 모두 '만선' 출항",https://finance.naver.com/item/news_read.naver?article_id=0004619619&office_id=008&code=011200&page=30&sm=
11, 2021.07.21 11:00,이데일리,"HMM, 상반기 투입한 초대형 컨테이너선 8척도 모두 '만선'",https://finance.naver.com/item/news_read.naver?article_id=0004990579&office_id=018&code=011200&page=30&sm=
12, 2021.07.21 10:41,헤럴드경제,"HMM, 상반기 투입 1만6000TEU급 컨테이너선 8척 모두 '만선...",https://finance.naver.com/item/news_read.naver?article_id=0001864327&office_id=016&code=011200&page=30&sm=
13, 2021.07.21 10:39,파이낸셜뉴스,"HMM, 상반기 투입 1만6000TEU 컨선 8척 모두 '만선'",https://finance.naver.com/item/news_read.naver?article_id=0004678605&office_id=014&code=011200&page=30&sm=
14, 2021.07.21 10:12,조선비즈,"HMM, 1만6000TEU급 컨테이너선 8척 모두 ‘만선’",https://finance.naver.com/item/news_read.naver?article_id=0000748238&office_id=366&code=011200&page=30&sm=
15, 2021.07.21 10:06,아시아경제,"HMM, 1만6000TEU급 컨테이너선 8척 모두 '만선 출항'",https://finance.naver.com/item/news_read.naver?article_id=0004940865&office_id=277&code=011200&page=30&sm=
16, 2021.07.19 17:42,매일경제,컨테이너선 운임 강세…목표가 상향해도 HMM 현 시세 못 따라가,https://finance.naver.com/item/news_read.naver?article_id=0004826212&office_id=009&code=011200&page=30&sm=
17, 2021.07.19 17:35,한국경제,"산은, HMM 몸집 줄인 뒤 단계적 지분 매각 추진",https://finance.naver.com/item/news_read.naver?article_id=0004580287&office_id=015&code=011200&page=30&sm=
18, 2021.07.19 17:10,매경이코노미,해상운임 첫 4000선 돌파…‘대장주’ HMM 2분기 영업이익 사상 최...,https://finance.naver.com/item/news_read.naver?article_id=0000069715&office_id=024&code=011200&page=30&sm=
19, 2021.07.19 11:26,조선비즈,"HMM, 2분기 영업이익도 1조원 전망… 팬오션도 30% 늘듯",https://finance.naver.com/item/news_read.naver?article_id=0000747716&office_id=366&code=011200&page=30&sm=
